series_id,time_s,time_ns,vce_v,ic_a_um,tmax_k,tpre_k,delta_t_k,delta_t_log_eligible,power_w_um,cumulative_electrical_energy_j_um,d_log_ic_dt_s_inv,d_delta_t_dt_k_s,phase,source_path,source_row,classification_scope
cold300_nonsteady,1e-13,0.0001,2500.0,1.30343088781e-07,300.000002939,300.000220981,-0.0002180419999717742,false,0.0003258577219525,0.0,795826634.8850884,23213333.406602032,pre_strike,docs/changes/2026-07-13-igbt-seb-现有数据复盘/let_scan/data/let1p5_cold300_raw.csv,2,diagnostic_only
cold300_nonsteady,2.5e-13,0.00025,2500.0,1.30358649285e-07,300.000006421,300.000220981,-0.0002145599999607839,false,0.0003258966232125,4.8881575887374994e-17,318637929.2922462,20333333.244100988,pre_strike,docs/changes/2026-07-13-igbt-seb-现有数据复盘/let_scan/data/let1p5_cold300_raw.csv,3,diagnostic_only
cold300_nonsteady,4.75e-13,0.000475,2500.0,1.30358664306e-07,300.000010564,300.000220981,-0.00021041700000523633,false,0.000325896660765,1.2220832033484375e-16,102881.97434723162,16200888.846166585,pre_strike,docs/changes/2026-07-13-igbt-seb-现有数据复盘/let_scan/data/let1p5_cold300_raw.csv,4,diagnostic_only
cold300_nonsteady,8.125e-13,0.0008125000000000001,2500.0,1.30358656829e-07,300.000015534,300.000220981,-0.0002054469999848152,false,0.0003258966420725,2.3219844018867185e-16,-23311.185015228584,12993185.211800866,pre_strike,docs/changes/2026-07-13-igbt-seb-现有数据复盘/let_scan/data/let1p5_cold300_raw.csv,5,diagnostic_only
cold300_nonsteady,1.31875e-12,0.00131875,2500.0,1.30358661742e-07,300.000021527,300.000220981,-0.00019945399998277935,false,0.00032589665435500003,3.971836183468828e-16,59665.96549069997,10447012.351101471,pre_strike,docs/changes/2026-07-13-igbt-seb-现有数据复盘/let_scan/data/let1p5_cold300_raw.csv,6,diagnostic_only
cold300_nonsteady,2.078125e-12,0.002078125,2500.0,1.30358666673e-07,300.000028756,300.000220981,-0.0001922249999779524,false,0.0003258966666825,6.446613949283087e-16,-1289.0047584411232,8386370.369976716,pre_strike,docs/changes/2026-07-13-igbt-seb-现有数据复盘/let_scan/data/let1p5_cold300_raw.csv,7,diagnostic_only
cold300_nonsteady,3.2171875e-12,0.0032171875,2500.0,1.30358661423e-07,300.000037448,300.000220981,-0.00018353299998352668,false,0.0003258966535575,1.0158780593462461e-15,-16297.760173582263,6740982.161192236,pre_strike,docs/changes/2026-07-13-igbt-seb-现有数据复盘/let_scan/data/let1p5_cold300_raw.csv,8,diagnostic_only
cold300_nonsteady,4.92578125e-12,0.0049257812500000005,2500.0,1.30358660623e-07,300.000047952,300.000220981,-0.00017302899999549481,false,0.0003258966515575,1.5727030430519123e-15,1359.493716808984,5414511.204752977,pre_strike,docs/changes/2026-07-13-igbt-seb-现有数据复盘/let_scan/data/let1p5_cold300_raw.csv,9,diagnostic_only
cold300_nonsteady,7.488671875e-12,0.007488671875,2500.0,1.3035866218e-07,300.000060576,300.000220981,-0.0001604049999741619,false,0.00032589665545000005,2.4079405210355465e-15,1755.1894799805184,4368192.653460299,pre_strike,docs/changes/2026-07-13-igbt-seb-现有数据复盘/let_scan/data/let1p5_cold300_raw.csv,10,diagnostic_only
cold300_nonsteady,1.13330078125e-11,0.0113330078125,2500.0,1.30358662089e-07,300.00007594,300.000220981,-0.00014504099999612663,false,0.0003258966552225,3.660796745055744e-15,-187.5715109764037,3550053.9513302306,pre_strike,docs/changes/2026-07-13-igbt-seb-现有数据复盘/let_scan/data/let1p5_cold300_raw.csv,11,diagnostic_only
cold300_nonsteady,1.70995117188e-11,0.0170995117188,2500.0,1.30358661945e-07,300.000094695,300.000220981,-0.0001262860000110777,false,0.0003258966548625,5.5400810794084234e-15,-1339.339681412582,2892775.2898615533,pre_strike,docs/changes/2026-07-13-igbt-seb-现有数据复盘/let_scan/data/let1p5_cold300_raw.csv,12,diagnostic_only
cold300_nonsteady,2.57492675781e-11,0.0257492675781,2500.0,1.30358659572e-07,300.000117643,300.000220981,-0.00010333799997397364,false,0.00032589664892999996,8.359007553674264e-15,-918.0812373818353,2429147.082545328,pre_strike,docs/changes/2026-07-13-igbt-seb-现有数据复盘/let_scan/data/let1p5_cold300_raw.csv,13,diagnostic_only
cold300_nonsteady,3.57492675781e-11,0.0357492675781,2500.0,1.30358659713e-07,300.000139998,300.000220981,-8.098299997527647e-05,false,0.0003258966492825,1.1617974044736763e-14,488.2683590778925,2093949.998993594,pre_strike,docs/changes/2026-07-13-igbt-seb-现有数据复盘/let_scan/data/let1p5_cold300_raw.csv,14,diagnostic_only
cold300_nonsteady,4.57492675781e-11,0.0457492675781,2500.0,1.30358660845e-07,300.000159522,300.000220981,-6.145899999410176e-05,false,0.0003258966521125,1.4876940551711764e-14,185.25811995573352,1849000.0002202583,pre_strike,docs/changes/2026-07-13-igbt-seb-现有数据复盘/let_scan/data/let1p5_cold300_raw.csv,15,diagnostic_only
cold300_nonsteady,5.57492675781e-11,0.0557492675781,2500.0,1.30358660196e-07,300.000176978,300.000220981,-4.4002999970871315e-05,false,0.00032589665049,1.8135907064724265e-14,-430.3512213255089,1665950.0005289372,pre_strike,docs/changes/2026-07-13-igbt-seb-现有数据复盘/let_scan/data/let1p5_cold300_raw.csv,16,diagnostic_only
cold300_nonsteady,6.57492675781e-11,0.0657492675781,2500.0,1.30358659723e-07,300.000192841,300.000220981,-2.8139999983523012e-05,false,0.0003258966493075,2.1394873563711765e-14,-655.1156950251877,1522750.0000491994,pre_strike,docs/changes/2026-07-13-igbt-seb-现有数据复盘/let_scan/data/let1p5_cold300_raw.csv,17,diagnostic_only
cold300_nonsteady,7.57492675781e-11,0.07574926757810001,2500.0,1.30358658488e-07,300.000207433,300.000220981,-1.3547999969887314e-05,false,0.00032589664622,2.4653840041349265e-14,-333.69476071243304,1406999.999176151,pre_strike,docs/changes/2026-07-13-igbt-seb-现有数据复盘/let_scan/data/let1p5_cold300_raw.csv,18,diagnostic_only
cold300_nonsteady,8.57492675781e-11,0.0857492675781,2500.0,1.30358658853e-07,300.000220981,300.000220981,0.0,false,0.0003258966471325,2.7912806508111763e-14,181129556597.47202,373190899.99812156,pre_strike,docs/changes/2026-07-13-igbt-seb-现有数据复盘/let_scan/data/let1p5_cold300_raw.csv,19,diagnostic_only
cold300_nonsteady,9.57492675781e-11,0.0957492675781,2500.0,4.87990335838e-06,300.007671251,300.000220981,0.007450269999992543,true,0.01219975839595,9.054108172352429e-14,474151135940.5584,1991658960.4376266,ion_pulse,docs/changes/2026-07-13-igbt-seb-现有数据复盘/let_scan/data/let1p5_cold300_raw.csv,20,diagnostic_only
cold300_nonsteady,9.8e-11,0.098,2500.0,4.3433584613e-05,300.024620262,300.000220981,0.024399281000000883,true,0.1085839615325,2.2646699896384983e-13,950227646702.1168,7617555810.347212,ion_pulse,docs/changes/2026-07-13-igbt-seb-现有数据复盘/let_scan/data/let1p5_cold300_raw.csv,21,diagnostic_only
cold300_nonsteady,9.82e-11,0.0982,2500.0,5.00928918116e-05,300.026339842,300.000220981,0.026118861000043125,true,0.12523222952899998,2.4984861806999943e-13,690916500425.4603,9080395000.040508,ion_pulse,docs/changes/2026-07-13-igbt-seb-现有数据复盘/let_scan/data/let1p5_cold300_raw.csv,22,diagnostic_only
cold300_nonsteady,9.84e-11,0.0984,2500.0,5.72598443307e-05,300.02825242,300.000220981,0.028031439000017144,true,0.14314961082675,2.766868021055757e-13,645597667475.2892,9996074999.918232,ion_pulse,docs/changes/2026-07-13-igbt-seb-现有数据复盘/let_scan/data/let1p5_cold300_raw.csv,23,diagnostic_only
cold300_nonsteady,9.86e-11,0.09860000000000001,2500.0,6.485267669e-05,300.030338272,300.000220981,0.030117291000010482,true,0.162131691725,3.072149323607502e-13,598796555364.1726,10785537500.055574,ion_pulse,docs/changes/2026-07-13-igbt-seb-现有数据复盘/let_scan/data/let1p5_cold300_raw.csv,24,diagnostic_only
cold300_nonsteady,9.88e-11,0.0988,2500.0,7.27564966556e-05,300.032566635,300.000220981,0.0323456540000393,true,0.18189124163899997,3.4161722569714965e-13,550115080070.5059,11391565000.025326,ion_pulse,docs/changes/2026-07-13-igbt-seb-现有数据复盘/let_scan/data/let1p5_cold300_raw.csv,25,diagnostic_only
cold300_nonsteady,9.9e-11,0.09899999999999999,2500.0,8.08151313385e-05,300.034894898,300.000220981,0.03467391700002054,true,0.20203782834625,3.80010132695674e-13,498782955589.81915,11754585000.005404,ion_pulse,docs/changes/2026-07-13-igbt-seb-现有数据复盘/let_scan/data/let1p5_cold300_raw.csv,26,diagnostic_only
cold300_nonsteady,9.92e-11,0.09920000000000001,2500.0,8.8821735164e-05,300.037268469,300.000220981,0.03704748800004154,true,0.22205433790999998,4.2241934932130104e-13,443615486333.4814,11816762499.989676,ion_pulse,docs/changes/2026-07-13-igbt-seb-现有数据复盘/let_scan/data/let1p5_cold300_raw.csv,27,diagnostic_only
cold300_nonsteady,9.94e-11,0.0994,2500.0,9.65065046303e-05,300.039621603,300.000220981,0.03940062200001648,true,0.24126626157575,4.687514092698753e-13,382830468893.8396,11531664999.8933,ion_pulse,docs/changes/2026-07-13-igbt-seb-现有数据复盘/let_scan/data/let1p5_cold300_raw.csv,28,diagnostic_only
cold300_nonsteady,9.96e-11,0.0996,2500.0,0.000103519869794,300.041881135,300.000220981,0.041660153999998784,true,0.258799674485,5.187580028759494e-13,313713436832.9793,10896004999.94976,ion_pulse,docs/changes/2026-07-13-igbt-seb-现有数据复盘/let_scan/data/let1p5_cold300_raw.csv,29,diagnostic_only
cold300_nonsteady,9.98e-11,0.0998,2500.0,0.000109409288051,300.043980005,300.000220981,0.043759023999996316,true,0.2735232201275,5.719902923371986e-13,232070198108.93643,9872627500.015894,ion_pulse,docs/changes/2026-07-13-igbt-seb-现有数据复盘/let_scan/data/let1p5_cold300_raw.csv,30,diagnostic_only
cold300_nonsteady,1e-10,0.1,2500.0,0.000113589565856,300.045830186,300.000220981,0.045609205000005204,true,0.28397391464,6.277400058139512e-13,131427210129.99083,8459547500.052487,ion_pulse,docs/changes/2026-07-13-igbt-seb-现有数据复盘/let_scan/data/let1p5_cold300_raw.csv,31,diagnostic_only
cold300_nonsteady,1.002e-10,0.1002,2500.0,0.00011531490269,300.047363824,300.000220981,0.047142843000017365,true,0.288287256725,6.849661229504503e-13,2047226309.0232425,6765964999.999707,ion_pulse,docs/changes/2026-07-13-igbt-seb-现有数据复盘/let_scan/data/let1p5_cold300_raw.csv,32,diagnostic_only
cold300_nonsteady,1.004e-10,0.1004,2500.0,0.000113682621371,300.048536572,300.000220981,0.04831559100000504,true,0.2842065534275,7.422155039656993e-13,-169797865980.2263,4943992500.017283,ion_pulse,docs/changes/2026-07-13-igbt-seb-现有数据复盘/let_scan/data/let1p5_cold300_raw.csv,33,diagnostic_only
cold300_nonsteady,1.006e-10,0.1006,2500.0,0.000107742866645,300.049341421,300.000220981,0.049120440000024246,true,0.2693571666125,7.975718759696984e-13,-400672849162.145,3198657500.0075336,ion_pulse,docs/changes/2026-07-13-igbt-seb-现有数据复盘/let_scan/data/let1p5_cold300_raw.csv,34,diagnostic_only
cold300_nonsteady,1.008e-10,0.1008,2500.0,9.68478706033e-05,300.049816035,300.000220981,0.049595054000008076,true,0.24211967650825,8.487195602817758e-13,-703590865986.6295,1732325000.0344794,ion_pulse,docs/changes/2026-07-13-igbt-seb-现有数据复盘/let_scan/data/let1p5_cold300_raw.csv,35,diagnostic_only
cold300_nonsteady,1.01e-10,0.101,2500.0,8.13134286993e-05,300.050034351,300.000220981,0.04981337000003805,true,0.20328357174825,8.932598851074251e-13,-1074132872881.65,666220000.0562389,ion_pulse,docs/changes/2026-07-13-igbt-seb-现有数据复盘/let_scan/data/let1p5_cold300_raw.csv,36,diagnostic_only
cold300_nonsteady,1.012e-10,0.1012,2500.0,6.30222761714e-05,300.050082523,300.000220981,0.04986154200003057,true,0.1575556904285,9.293438113250995e-13,-1476207343147.8594,-1660000.0662947695,ion_pulse,docs/changes/2026-07-13-igbt-seb-现有数据复盘/let_scan/data/let1p5_cold300_raw.csv,37,diagnostic_only
cold300_nonsteady,1.014e-10,0.10139999999999999,2500.0,4.5052489363e-05,300.050033687,300.000220981,0.04981270600001153,true,0.11263122340750001,9.56362502708699e-13,-1845837374523.393,-365400000.10631377,ion_pulse,docs/changes/2026-07-13-igbt-seb-现有数据复盘/let_scan/data/let1p5_cold300_raw.csv,38,diagnostic_only
cold300_nonsteady,1.016e-10,0.10160000000000001,2500.0,3.0118912723e-05,300.049936363,300.000220981,0.04971538199998804,true,0.07529728180749999,9.751553532301999e-13,-2119092104163.28,-541312499.9620236,ion_pulse,docs/changes/2026-07-13-igbt-seb-现有数据复盘/let_scan/data/let1p5_cold300_raw.csv,39,diagnostic_only
cold300_nonsteady,1.018e-10,0.1018,2500.0,1.93016657146e-05,300.049817162,300.000220981,0.04959618100002672,true,0.0482541642865,9.875104978395997e-13,-2259629629779.073,-618729999.9283015,ion_pulse,docs/changes/2026-07-13-igbt-seb-现有数据复盘/let_scan/data/let1p5_cold300_raw.csv,40,diagnostic_only
cold300_nonsteady,1.02e-10,0.102,2500.0,1.21983592159e-05,300.049688871,300.000220981,0.04946789000001672,true,0.030495898039750002,9.953855040722246e-13,-2261139000346.745,-649939999.9881812,ion_pulse,docs/changes/2026-07-13-igbt-seb-现有数据复盘/let_scan/data/let1p5_cold300_raw.csv,41,diagnostic_only
cold300_nonsteady,1.022e-10,0.10220000000000001,2500.0,7.81258424609e-06,300.049557186,300.000220981,0.04933620500003144,true,0.019531460615225,1.0003882399377224e-12,-1995450377031.6504,-660950000.0346589,ion_pulse,docs/changes/2026-07-13-igbt-seb-现有数据复盘/let_scan/data/let1p5_cold300_raw.csv,42,diagnostic_only
cold300_nonsteady,1.0248e-10,0.10248,2500.0,4.68087599681e-06,300.049371615,300.000220981,0.04915063400000008,true,0.011702189992025,1.0047609510227373e-12,-1507638890931.694,-659693452.3729936,ion_pulse,docs/changes/2026-07-13-igbt-seb-现有数据复盘/let_scan/data/let1p5_cold300_raw.csv,43,diagnostic_only
cold300_nonsteady,1.02872e-10,0.10287199999999999,2500.0,2.83658953841e-06,300.049113872,300.000220981,0.0488928910000368,true,0.007091473846025,1.008444509134995e-12,-937108451394.6895,-650293367.3330736,ion_pulse,docs/changes/2026-07-13-igbt-seb-现有数据复盘/let_scan/data/let1p5_cold300_raw.csv,44,diagnostic_only
cold300_nonsteady,1.034208e-10,0.1034208,2500.0,1.93838206916e-06,300.048759819,300.000220981,0.04853883800001313,true,0.0048459551729,1.011720139657788e-12,-455451059710.0349,-634299836.0221714,ion_pulse,docs/changes/2026-07-13-igbt-seb-现有数据复盘/let_scan/data/let1p5_cold300_raw.csv,45,diagnostic_only
cold300_nonsteady,1.0418912e-10,0.10418912,2500.0,1.55693440681e-06,300.048278423,300.000220981,0.04805744200001527,true,0.003892336017025,1.0150770416013096e-12,-178108441787.66193,-611937951.188471,ion_pulse,docs/changes/2026-07-13-igbt-seb-现有数据复盘/let_scan/data/let1p5_cold300_raw.csv,46,diagnostic_only
cold300_nonsteady,1.05264768e-10,0.10526476800000001,2500.0,1.39574367413e-06,300.047631425,300.000220981,0.04741044400003602,true,0.0034893591853249997,1.0190470944418184e-12,-66205321715.63067,-582661955.0843401,ion_pulse,docs/changes/2026-07-13-igbt-seb-现有数据复盘/let_scan/data/let1p5_cold300_raw.csv,47,diagnostic_only
cold300_nonsteady,1.067706752e-10,0.1067706752,2500.0,1.31233247795e-06,300.046774249,300.000220981,0.04655326800002513,true,0.003280831194875,1.0241447336612753e-12,-30257022957.391968,-545782303.1911439,ion_pulse,docs/changes/2026-07-13-igbt-seb-现有数据复盘/let_scan/data/let1p5_cold300_raw.csv,48,diagnostic_only
cold300_nonsteady,1.0887894528e-10,0.10887894528,2500.0,1.25116251113e-06,300.045658871,300.000220981,0.04543789000001652,true,0.0031279062778249997,1.0309004083934094e-12,-17696387067.74595,-500988943.50162077,ion_pulse,docs/changes/2026-07-13-igbt-seb-现有数据复盘/let_scan/data/let1p5_cold300_raw.csv,49,diagnostic_only
cold300_nonsteady,1.11830523392e-10,0.111830523392,2500.0,1.19993218102e-06,300.044239321,300.000220981,0.04401834000003646,true,0.0029998304525500003,1.039943655198146e-12,-10805238334.67692,460995620.53591824,ion_pulse,docs/changes/2026-07-13-igbt-seb-现有数据复盘/let_scan/data/let1p5_cold300_raw.csv,50,diagnostic_only
cold300_nonsteady,1.15962732749e-10,0.115962732749,2500.0,1.15896934689e-06,300.048924466,300.000220981,0.04870348500003274,true,0.002897423367225,1.052127998905485e-12,-6267515111.302604,1708354068.5718544,ion_pulse,docs/changes/2026-07-13-igbt-seb-现有数据复盘/let_scan/data/let1p5_cold300_raw.csv,51,diagnostic_only
cold300_nonsteady,1.21747825848e-10,0.121747825848,2500.0,1.12761884925e-06,300.061181585,300.000220981,0.060960604000001695,true,0.002819047123125,1.0686631558976655e-12,-3125520266.8990984,1703425553.7511377,post_pulse_decay,docs/changes/2026-07-13-igbt-seb-现有数据复盘/let_scan/data/let1p5_cold300_raw.csv,52,diagnostic_only
cold300_nonsteady,1.29846956188e-10,0.129846956188,2500.0,1.10975103166e-06,300.072575207,300.000220981,0.07235422600001584,true,0.00277437757915,1.091314093753016e-12,-901174123.6526265,912819918.933715,post_pulse_decay,docs/changes/2026-07-13-igbt-seb-现有数据复盘/let_scan/data/let1p5_cold300_raw.csv,53,diagnostic_only
cold300_nonsteady,1.41185738663e-10,0.14118573866300002,2500.0,1.10803840838e-06,300.078924899,300.000220981,0.07870391800003063,true,0.00277009602095,1.122747883797973e-12,78560193.85842746,198812240.6417978,post_pulse_decay,docs/changes/2026-07-13-igbt-seb-现有数据复盘/let_scan/data/let1p5_cold300_raw.csv,54,diagnostic_only
cold300_nonsteady,1.57060034128e-10,0.15706003412800001,2500.0,1.11212606704e-06,300.0779855,300.000220981,0.07776451900002712,true,0.0027803151676,1.1668023173776152e-12,52405109.514539525,-214145698.04563543,post_pulse_decay,docs/changes/2026-07-13-igbt-seb-现有数据复盘/let_scan/data/let1p5_cold300_raw.csv,55,diagnostic_only
cold300_nonsteady,1.79284047779e-10,0.179284047779,2500.0,1.110252868e-06,300.07076631,300.000220981,0.07054532900002641,true,0.00277563217,1.228540042115145e-12,-114779025.53676558,-330432456.17295843,post_pulse_decay,docs/changes/2026-07-13-igbt-seb-现有数据复盘/let_scan/data/let1p5_cold300_raw.csv,56,diagnostic_only
cold300_nonsteady,2.1039766689e-10,0.21039766689,2500.0,1.10533838353e-06,300.060361015,300.000220981,0.06014003400002821,true,0.002763345958825,1.3147088699973552e-12,-78417184.82114379,-280840253.1154884,post_pulse_decay,docs/changes/2026-07-13-igbt-seb-现有数据复盘/let_scan/data/let1p5_cold300_raw.csv,57,diagnostic_only
cold300_nonsteady,2.53956733647e-10,0.253956733647,2500.0,1.10377064434e-06,300.049795214,300.000220981,0.04957423300004393,true,0.00275942661085,1.434992279520456e-12,13965492.76421836,-189899394.83714345,post_pulse_decay,docs/changes/2026-07-13-igbt-seb-现有数据复盘/let_scan/data/let1p5_cold300_raw.csv,58,diagnostic_only
cold300_nonsteady,3.14939427105e-10,0.314939427105,2500.0,1.10695333097e-06,300.040508598,300.000220981,0.04028761699998995,true,0.002767383327425,1.603512157653682e-12,100466625.79010141,-116333230.7221194,post_pulse_decay,docs/changes/2026-07-13-igbt-seb-现有数据复盘/let_scan/data/let1p5_cold300_raw.csv,59,diagnostic_only
cold300_nonsteady,4e-10,0.4,2500.0,1.12008508455e-06,300.032805529,300.000220981,0.032584547999988445,true,0.002800212711375,1.8403036120078124e-12,136286130.4349294,-89800847.39631411,early_electrical_growth,docs/changes/2026-07-13-igbt-seb-现有数据复盘/let_scan/data/let1p5_cold300_raw.csv,60,diagnostic_only
cold300_nonsteady,4.1e-10,0.41,2500.0,1.12138769568e-06,300.031972078,300.000220981,0.03175109700003986,true,0.0028034692392000004,1.8683220217606874e-12,126226513.24141955,-79055833.33212018,early_electrical_growth,docs/changes/2026-07-13-igbt-seb-现有数据复盘/let_scan/data/let1p5_cold300_raw.csv,61,diagnostic_only
cold300_nonsteady,4.24e-10,0.424,2500.0,1.12348345596e-06,300.030908189,300.000220981,0.030687208000017563,true,0.0028087086398999998,1.9076072669143873e-12,145393682.84406853,-71087232.14310242,early_electrical_growth,docs/changes/2026-07-13-igbt-seb-现有数据复盘/let_scan/data/let1p5_cold300_raw.csv,62,diagnostic_only
cold300_nonsteady,4.436e-10,0.4436,2500.0,1.12687933299e-06,300.029583547,300.000220981,0.02936256600003162,true,0.002817198332475,1.9627411552436623e-12,163974753.2609879,-62131590.135530844,early_electrical_growth,docs/changes/2026-07-13-igbt-seb-现有数据复盘/let_scan/data/let1p5_cold300_raw.csv,63,diagnostic_only
cold300_nonsteady,4.7104e-10,0.47103999999999996,2500.0,1.13218280978e-06,300.027985519,300.000220981,0.027764538000042194,true,0.00283045702445,2.040226986740673e-12,179695280.05270362,-50786594.99555019,early_electrical_growth,docs/changes/2026-07-13-igbt-seb-现有数据复盘/let_scan/data/let1p5_cold300_raw.csv,64,diagnostic_only
cold300_nonsteady,5.09456e-10,0.509456,2500.0,1.14029405539e-06,300.026238945,300.000220981,0.026017964000004667,true,0.002850735138475,2.1493513258061367e-12,193435376.03371814,-39694875.399695426,early_electrical_growth,docs/changes/2026-07-13-igbt-seb-现有数据复盘/let_scan/data/let1p5_cold300_raw.csv,65,diagnostic_only
cold300_nonsteady,5.632384e-10,0.5632384,2500.0,1.15255577747e-06,300.024325715,300.000220981,0.024104733999990913,true,0.0028813894436749998,2.303495034369649e-12,205948369.47279632,-29184376.921163283,early_electrical_growth,docs/changes/2026-07-13-igbt-seb-现有数据复盘/let_scan/data/let1p5_cold300_raw.csv,66,diagnostic_only
cold300_nonsteady,6.3853376e-10,0.63853376,2500.0,1.17101339873e-06,300.022471891,300.000220981,0.022250910000025215,true,0.0029275334968250004,2.522187506378252e-12,218524489.47973964,-22272194.683140207,early_electrical_growth,docs/changes/2026-07-13-igbt-seb-现有数据复盘/let_scan/data/let1p5_cold300_raw.csv,67,diagnostic_only
cold300_nonsteady,7.43947264e-10,0.743947264,2500.0,1.19898001027e-06,300.020300932,300.000220981,0.020079951000013807,true,0.002997450025675,2.834474143502746e-12,233810263.81169146,-18274556.170802865,early_electrical_growth,docs/changes/2026-07-13-igbt-seb-现有数据复盘/let_scan/data/let1p5_cold300_raw.csv,68,diagnostic_only
cold300_nonsteady,8.915261696e-10,0.8915261696,2500.0,1.24237112181e-06,300.017848567,300.000220981,0.017627586000003248,true,0.0031059278045249997,3.2848390538248555e-12,254630217.20751464,-7893257.702383975,early_electrical_growth,docs/changes/2026-07-13-igbt-seb-现有数据复盘/let_scan/data/let1p5_cold300_raw.csv,69,diagnostic_only
cold300_nonsteady,1.09813663744e-09,1.0981366374400001,2500.0,1.31213885693e-06,300.017505224,300.000220981,0.017284243000005972,true,0.003280347142325,3.944574681086631e-12,278142984.54754126,-1679680.545461502,early_electrical_growth,docs/changes/2026-07-13-igbt-seb-现有数据复盘/let_scan/data/let1p5_cold300_raw.csv,70,diagnostic_only
cold300_nonsteady,1.38739129242e-09,1.38739129242,2500.0,1.42609958378e-06,300.017015672,300.000220981,0.016794691000029616,true,0.0035652489594500004,4.934634950362311e-12,296346608.1459725,-2111481.4327674373,early_electrical_growth,docs/changes/2026-07-13-igbt-seb-现有数据复盘/let_scan/data/let1p5_cold300_raw.csv,71,diagnostic_only
cold300_nonsteady,1.79234780938e-09,1.79234780938,2500.0,1.61185493145e-06,300.01603941,300.000220981,0.01581842900003494,true,0.0040296373286250005,6.472434299325369e-12,295462695.13756955,-2496447.044669037,early_electrical_growth,docs/changes/2026-07-13-igbt-seb-现有数据复盘/let_scan/data/let1p5_cold300_raw.csv,72,diagnostic_only
cold300_nonsteady,2.35928693314e-09,2.35928693314,2500.0,1.90047158746e-06,300.014589386,300.000220981,0.014368405000027451,true,0.0047511789686500005,8.961528448062678e-12,260147069.7200257,-2384028.008255348,early_electrical_growth,docs/changes/2026-07-13-igbt-seb-现有数据复盘/let_scan/data/let1p5_cold300_raw.csv,73,diagnostic_only
cold300_nonsteady,3.15300170639e-09,3.15300170639,2500.0,2.29643006475e-06,300.012795573,300.000220981,0.012574592000021312,true,0.005741075161875,1.312545700210819e-11,212494853.93468115,-1987719.186424797,early_electrical_growth,docs/changes/2026-07-13-igbt-seb-现有数据复盘/let_scan/data/let1p5_cold300_raw.csv,74,diagnostic_only
cold300_nonsteady,4.26420238895e-09,4.264202388949999,2500.0,2.84876848635e-06,300.010802949,300.000220981,0.010581967999996778,true,0.007121921215875,2.027214217946949e-11,192835104.20192435,1796219.5740080636,early_electrical_growth,docs/changes/2026-07-13-igbt-seb-现有数据复盘/let_scan/data/let1p5_cold300_raw.csv,75,diagnostic_only
cold300_nonsteady,5.81988334452e-09,5.81988334452,2500.0,3.84058296904e-06,300.017585878,300.000220981,0.017364896999993107,true,0.0096014574226,3.328026300980035e-11,194186024.21089837,4989442.868852724,early_electrical_growth,docs/changes/2026-07-13-igbt-seb-现有数据复盘/let_scan/data/let1p5_cold300_raw.csv,76,diagnostic_only
cold300_nonsteady,7.99783668233e-09,7.99783668233,2500.0,5.88205617336e-06,300.029431704,300.000220981,0.0292107230000056,true,0.0147051404334,5.974958097544064e-11,186059976.0016649,7202933.669460458,early_electrical_growth,docs/changes/2026-07-13-igbt-seb-现有数据复盘/let_scan/data/let1p5_cold300_raw.csv,77,diagnostic_only
cold300_nonsteady,1e-08,10.0,2500.0,8.35931574058e-06,300.047694981,300.000220981,0.04747400000002244,true,0.02089828935145,9.539152152467373e-11,175392077.7700125,9122697.863939466,10_to_40ns,docs/changes/2026-07-13-igbt-seb-现有数据复盘/let_scan/data/let1p5_cold300_raw.csv,78,diagnostic_only
cold300_nonsteady,1.001e-08,10.01,2500.0,8.37142311076e-06,300.047788062,300.000220981,0.04756708100001106,true,0.0209285577769,9.560065576031548e-11,145237659.37817046,9319625.000614805,10_to_40ns,docs/changes/2026-07-13-igbt-seb-现有数据复盘/let_scan/data/let1p5_cold300_raw.csv,79,diagnostic_only
cold300_nonsteady,1.0024e-08,10.024,2500.0,8.38850468188e-06,300.047918652,300.000220981,0.04769767100003719,true,0.0209712617047,9.589395449668666e-11,145678509.3647428,9343988.095013393,10_to_40ns,docs/changes/2026-07-13-igbt-seb-现有数据复盘/let_scan/data/let1p5_cold300_raw.csv,80,diagnostic_only
cold300_nonsteady,1.00436e-08,10.0436,2500.0,8.41249998463e-06,300.04810202,300.000220981,0.04788103900000351,true,0.021031249961575002,9.630557911101617e-11,145760518.89815184,9391836.734772563,10_to_40ns,docs/changes/2026-07-13-igbt-seb-现有数据复盘/let_scan/data/let1p5_cold300_raw.csv,81,diagnostic_only
cold300_nonsteady,1.007104e-08,10.07104,2500.0,8.44621872599e-06,300.048360444,300.000220981,0.048139463000040905,true,0.021115546814975,9.688383316279045e-11,145786309.08523753,9456389.698719056,10_to_40ns,docs/changes/2026-07-13-igbt-seb-现有数据复盘/let_scan/data/let1p5_cold300_raw.csv,82,diagnostic_only
cold300_nonsteady,1.0109456e-08,10.109456,2500.0,8.49365654716e-06,300.04872478,300.000220981,0.048503799000002346,true,0.0212341413679,9.769728597340709e-11,145774887.1627571,9529427.842410471,10_to_40ns,docs/changes/2026-07-13-igbt-seb-现有数据复盘/let_scan/data/let1p5_cold300_raw.csv,83,diagnostic_only
cold300_nonsteady,1.01632384e-08,10.1632384,2500.0,8.56050397945e-06,300.049239042,300.000220981,0.04901806100002659,true,0.021401259948625,9.884380307729003e-11,145695465.55147195,9626034.725339511,10_to_40ns,docs/changes/2026-07-13-igbt-seb-现有数据复盘/let_scan/data/let1p5_cold300_raw.csv,84,diagnostic_only
cold300_nonsteady,1.023853376e-08,10.23853376,2500.0,8.65490005283e-06,300.049967287,300.000220981,0.04974630600003138,true,0.021637250132075,1.0046410313248499e-10,145494117.8087342,9762526.092827726,10_to_40ns,docs/changes/2026-07-13-igbt-seb-现有数据复盘/let_scan/data/let1p5_cold300_raw.csv,85,diagnostic_only
cold300_nonsteady,1.0343947264e-08,10.343947263999999,2500.0,8.78856233355e-06,300.051003217,300.000220981,0.050782236000031844,true,0.021971405833875,1.0276257374753564e-10,145103427.48645577,9956753.263632331,10_to_40ns,docs/changes/2026-07-13-igbt-seb-现有数据复盘/let_scan/data/let1p5_cold300_raw.csv,86,diagnostic_only
cold300_nonsteady,1.04915261696e-08,10.491526169599998,2500.0,8.97852582141e-06,300.05248627,300.000220981,0.05226528899999039,true,0.022446314553525,1.0604013302954528e-10,144468680.92102134,10256504.776335632,10_to_40ns,docs/changes/2026-07-13-igbt-seb-现有数据复盘/let_scan/data/let1p5_cold300_raw.csv,87,diagnostic_only
cold300_nonsteady,1.06981366374e-08,10.6981366374,2500.0,9.24997096725e-06,300.054635962,300.000220981,0.05441498100003628,true,0.023124927418125,1.107478808405401e-10,143585427.61928383,10677006.219253235,10_to_40ns,docs/changes/2026-07-13-igbt-seb-现有数据复盘/let_scan/data/let1p5_cold300_raw.csv,88,diagnostic_only
cold300_nonsteady,1.09873912924e-08,10.9873912924,2500.0,9.64109519983e-06,300.057780625,300.000220981,0.05755964400003677,true,0.024102737999574998,1.1757829187396623e-10,142350775.11142078,11283726.502692323,10_to_40ns,docs/changes/2026-07-13-igbt-seb-现有数据复盘/let_scan/data/let1p5_cold300_raw.csv,89,diagnostic_only
cold300_nonsteady,1.13923478094e-08,11.3923478094,2500.0,1.02107584177e-05,300.062469251,300.000220981,0.062248269999997774,true,0.025526896044250003,1.2762721374515223e-10,140208165.59932446,12198528.837363925,10_to_40ns,docs/changes/2026-07-13-igbt-seb-现有数据复盘/let_scan/data/let1p5_cold300_raw.csv,90,diagnostic_only
cold300_nonsteady,1.19592869331e-08,11.9592869331,2500.0,1.10485855699e-05,300.069636322,300.000220981,0.069415341000024,true,0.027621463924749998,1.4269315605861075e-10,136107068.00625902,13581098.794323739,10_to_40ns,docs/changes/2026-07-13-igbt-seb-现有数据复盘/let_scan/data/let1p5_cold300_raw.csv,91,diagnostic_only
cold300_nonsteady,1.27530017064e-08,12.7530017064,2500.0,1.22881640134e-05,300.080948426,300.000220981,0.08072744500003637,true,0.0307204100335,1.6584655968994554e-10,129306934.62439278,15680269.646115407,10_to_40ns,docs/changes/2026-07-13-igbt-seb-现有数据复盘/let_scan/data/let1p5_cold300_raw.csv,92,diagnostic_only
cold300_nonsteady,1.38642023889e-08,13.864202388899999,2500.0,1.41345364391e-05,300.09950591,300.000220981,0.09928492900002084,true,0.035336341097749996,2.0254771316033436e-10,119420824.33546382,18825223.917972464,10_to_40ns,docs/changes/2026-07-13-igbt-seb-现有数据复盘/let_scan/data/let1p5_cold300_raw.csv,93,diagnostic_only
cold300_nonsteady,1.54198833445e-08,15.4198833445,2500.0,1.68966897065e-05,300.13115307,300.000220981,0.1309320889999981,true,0.04224172426625,2.628910725898678e-10,108033528.68461488,23661143.287694562,10_to_40ns,docs/changes/2026-07-13-igbt-seb-现有数据复盘/let_scan/data/let1p5_cold300_raw.csv,94,diagnostic_only
cold300_nonsteady,1.75978366823e-08,17.597836682300002,2500.0,2.11571705872e-05,300.187847966,300.000220981,0.18762698500000852,true,0.052892926468,3.6649048764341636e-10,98298478.97649327,27764984.734200723,10_to_40ns,docs/changes/2026-07-13-igbt-seb-现有数据复盘/let_scan/data/let1p5_cold300_raw.csv,95,diagnostic_only
cold300_nonsteady,1.91224040188e-08,19.1224040188,2500.0,2.43144270042e-05,300.2339535,300.000220981,0.23373251900000014,true,0.060786067510499996,4.531461281763169e-10,88128327.24663012,34102949.24680222,10_to_40ns,docs/changes/2026-07-13-igbt-seb-现有数据复盘/let_scan/data/let1p5_cold300_raw.csv,96,diagnostic_only
cold300_nonsteady,2.12567982899e-08,21.256798289899997,2500.0,2.92078365663e-05,300.312629348,300.000220981,0.3124083669999891,true,0.07301959141575,5.959431441027911e-10,82515369.9809358,38780730.68980036,10_to_40ns,docs/changes/2026-07-13-igbt-seb-现有数据复盘/let_scan/data/let1p5_cold300_raw.csv,97,diagnostic_only
cold300_nonsteady,2.27508742796e-08,22.7508742796,2500.0,3.28015064958e-05,300.374668228,300.000220981,0.3744472470000346,true,0.0820037662395,7.117514823604835e-10,75516696.61989413,56250098.22495034,10_to_40ns,docs/changes/2026-07-13-igbt-seb-现有数据复盘/let_scan/data/let1p5_cold300_raw.csv,98,diagnostic_only
cold300_nonsteady,2.37967274724e-08,23.7967274724,2500.0,3.53834469443e-05,300.455500614,300.000220981,0.45527963300003194,true,0.08845861736075,8.008907964307934e-10,71195762.57651524,119901152.2658712,10_to_40ns,docs/changes/2026-07-13-igbt-seb-现有数据复盘/let_scan/data/let1p5_cold300_raw.csv,99,diagnostic_only
cold300_nonsteady,2.52609219423e-08,25.260921942299998,2500.0,3.92197011748e-05,300.675625835,300.000220981,0.6754048540000213,true,0.09804925293700001,9.374326925721894e-10,68898900.23039398,212023867.98306963,10_to_40ns,docs/changes/2026-07-13-igbt-seb-现有数据复盘/let_scan/data/let1p5_cold300_raw.csv,100,diagnostic_only
cold300_nonsteady,2.73107942003e-08,27.310794200300002,2500.0,4.50764277343e-05,301.200566634,300.000220981,1.2003456529999994,true,0.11269106933575,1.1534280627066345e-09,66746966.76168761,337285120.32787484,10_to_40ns,docs/changes/2026-07-13-igbt-seb-现有数据复盘/let_scan/data/let1p5_cold300_raw.csv,101,diagnostic_only
cold300_nonsteady,2.87457047808e-08,28.7457047808,2500.0,4.94903591435e-05,301.850991234,300.000220981,1.8507702530000074,true,0.12372589785875,1.323046666525189e-09,66033864.27761932,476535591.6755961,10_to_40ns,docs/changes/2026-07-13-igbt-seb-现有数据复盘/let_scan/data/let1p5_cold300_raw.csv,102,diagnostic_only
cold300_nonsteady,3.07545795936e-08,30.754579593600003,2500.0,5.65862430769e-05,302.841652944,300.000220981,2.841431962999991,true,0.14146560769225,1.589414934560147e-09,67639801.67048985,505756942.1706143,10_to_40ns,docs/changes/2026-07-13-igbt-seb-现有数据复盘/let_scan/data/let1p5_cold300_raw.csv,103,diagnostic_only
cold300_nonsteady,3.35670043314e-08,33.5670043314,2500.0,6.85723663866e-05,304.289396952,300.000220981,4.28917597100002,true,0.17143091596649998,2.029413896314892e-09,66405405.2269806,520804535.7753484,10_to_40ns,docs/changes/2026-07-13-igbt-seb-现有数据复盘/let_scan/data/let1p5_cold300_raw.csv,104,diagnostic_only
cold300_nonsteady,3.45513529897e-08,34.5513529897,2500.0,7.28128300344e-05,304.81902975,300.000220981,4.818808769000043,true,0.182032075086,2.203379306815509e-09,62173925.52527499,556111820.740956,10_to_40ns,docs/changes/2026-07-13-igbt-seb-现有数据复盘/let_scan/data/let1p5_cold300_raw.csv,105,diagnostic_only
cold300_nonsteady,3.59294411112e-08,35.9294411112,2500.0,7.94216975354e-05,305.603175971,300.000220981,5.602954990000001,true,0.1985542438385,2.4656200494731414e-09,62053469.11258346,579075241.059928,10_to_40ns,docs/changes/2026-07-13-igbt-seb-现有数据复盘/let_scan/data/let1p5_cold300_raw.csv,106,diagnostic_only
cold300_nonsteady,3.68941027963e-08,36.8941027963,2500.0,8.42061474917e-05,306.175658159,300.000220981,6.175437178000038,true,0.21051536872925,2.662926940364546e-09,59962645.42528002,600767858.4593153,10_to_40ns,docs/changes/2026-07-13-igbt-seb-现有数据复盘/let_scan/data/let1p5_cold300_raw.csv,107,diagnostic_only
cold300_nonsteady,3.75693659759e-08,37.5693659759,2500.0,8.76284601571e-05,306.58839012,300.000220981,6.5881691390000015,true,0.21907115039275,2.8079689197723553e-09,59347846.199917175,627099014.7050672,10_to_40ns,docs/changes/2026-07-13-igbt-seb-现有数据复盘/let_scan/data/let1p5_cold300_raw.csv,108,diagnostic_only
cold300_nonsteady,3.85147344273e-08,38.5147344273,2500.0,9.27074583288e-05,307.191954658,300.000220981,7.191733677000002,true,0.231768645822,3.021073779760869e-09,59237552.74654955,661467427.8659886,10_to_40ns,docs/changes/2026-07-13-igbt-seb-现有数据复盘/let_scan/data/let1p5_cold300_raw.csv,109,diagnostic_only
cold300_nonsteady,3.98382502592e-08,39.8382502592,2500.0,0.000100234153636,308.089183171,300.000220981,8.088962190000018,true,0.25058538409000003,3.3402753773455188e-09,57509840.41003008,677772236.4964322,10_to_40ns,docs/changes/2026-07-13-igbt-seb-现有数据复盘/let_scan/data/let1p5_cold300_raw.csv,110,diagnostic_only
cold300_nonsteady,4e-08,40.0,2500.0,0.000100974328575,308.198626427,300.000220981,8.198405446000038,true,0.2524358214375,3.3809571521510077e-09,44911129.362828456,676641714.0351319,40_to_60ns,docs/changes/2026-07-13-igbt-seb-现有数据复盘/let_scan/data/let1p5_cold300_raw.csv,111,diagnostic_only
cold300_nonsteady,4.001e-08,40.01,2500.0,0.000101010296789,308.20539621,300.000220981,8.20517522900002,true,0.2525257419725,3.3834819599680572e-09,37682058.7274125,677322083.3314306,40_to_60ns,docs/changes/2026-07-13-igbt-seb-现有数据复盘/let_scan/data/let1p5_cold300_raw.csv,112,diagnostic_only
cold300_nonsteady,4.0024e-08,40.024,2500.0,0.000101065687974,308.214882157,300.000220981,8.214661175999993,true,0.252664219935,3.3870182897014103e-09,40620422.08924184,677157351.1901371,40_to_60ns,docs/changes/2026-07-13-igbt-seb-现有数据复盘/let_scan/data/let1p5_cold300_raw.csv,113,diagnostic_only
cold300_nonsteady,4.00436e-08,40.043600000000005,2500.0,0.000101148254431,308.228148697,300.000220981,8.22792771600001,true,0.2528706360775,3.3919725312903332e-09,42574522.492149875,674909183.6740572,40_to_60ns,docs/changes/2026-07-13-igbt-seb-现有数据复盘/let_scan/data/let1p5_cold300_raw.csv,114,diagnostic_only
cold300_nonsteady,4.007104e-08,40.07104,2500.0,0.000101268295601,308.246629885,300.000220981,8.24640890400002,true,0.2531707390025,3.3989154189564305e-09,43731047.665201224,670531067.7841023,40_to_60ns,docs/changes/2026-07-13-igbt-seb-现有数据复盘/let_scan/data/let1p5_cold300_raw.csv,115,diagnostic_only
cold300_nonsteady,4.0109456e-08,40.109456,2500.0,0.000101439976407,308.272307191,300.000220981,8.272086209999998,true,0.2535999410175,3.408649470178254e-09,44380693.49303162,666128078.1444023,40_to_60ns,docs/changes/2026-07-13-igbt-seb-现有数据复盘/let_scan/data/let1p5_cold300_raw.csv,116,diagnostic_only
cold300_nonsteady,4.01632384e-08,40.1632384,2500.0,0.000101683517071,308.308045828,300.000220981,8.307824847000006,true,0.2542087926775,3.4223050563977925e-09,44888491.659626454,663800642.3414485,40_to_60ns,docs/changes/2026-07-13-igbt-seb-现有数据复盘/let_scan/data/let1p5_cold300_raw.csv,117,diagnostic_only
cold300_nonsteady,4.023853376e-08,40.23853376,2500.0,0.000102029436426,308.357989091,300.000220981,8.357768109999995,true,0.255073591065,3.4414783566105684e-09,45819374.845674776,664003991.5251997,40_to_60ns,docs/changes/2026-07-13-igbt-seb-现有数据复盘/let_scan/data/let1p5_cold300_raw.csv,118,diagnostic_only
cold300_nonsteady,4.0343947264e-08,40.343947264,2500.0,0.000102528948497,308.428037235,300.000220981,8.427816253999993,true,0.2563223712425,3.468432376769711e-09,47633327.74504911,667412402.8740934,40_to_60ns,docs/changes/2026-07-13-igbt-seb-现有数据复盘/let_scan/data/let1p5_cold300_raw.csv,119,diagnostic_only
cold300_nonsteady,4.04915261696e-08,40.4915261696,2500.0,0.000103266418322,308.526839363,300.000220981,8.526618382000038,true,0.258166045805,3.5063961955355845e-09,49585473.71528257,674343080.1077822,40_to_60ns,docs/changes/2026-07-13-igbt-seb-现有数据复盘/let_scan/data/let1p5_cold300_raw.csv,120,diagnostic_only
cold300_nonsteady,4.06981366374e-08,40.6981366374,2500.0,0.000104345533645,308.666882388,300.000220981,8.666661406999992,true,0.2608638341125,3.5600146986815496e-09,50074351.88831775,682035984.0802181,40_to_60ns,docs/changes/2026-07-13-igbt-seb-现有数据复盘/let_scan/data/let1p5_cold300_raw.csv,121,diagnostic_only
cold300_nonsteady,4.09873912924e-08,40.9873912924,2500.0,0.000105862635168,308.86503722,300.000220981,8.864816238999992,true,0.26465658791999996,3.6360193128667826e-09,48826678.49804852,687727968.4574828,40_to_60ns,docs/changes/2026-07-13-igbt-seb-现有数据复盘/let_scan/data/let1p5_cold300_raw.csv,122,diagnostic_only
cold300_nonsteady,4.13923478094e-08,41.3923478094,2500.0,0.000107943059003,309.144310827,300.000220981,9.144089846000043,true,0.2698576475075,3.7442468243996025e-09,46844535.552797824,691985500.1259297,40_to_60ns,docs/changes/2026-07-13-igbt-seb-现有数据复盘/let_scan/data/let1p5_cold300_raw.csv,123,diagnostic_only
cold300_nonsteady,4.19592869331e-08,41.9592869331,2500.0,0.000110793749356,309.537574911,300.000220981,9.537353929999995,true,0.27698437339,3.899259892464586e-09,44392982.13289939,695560311.9107869,40_to_60ns,docs/changes/2026-07-13-igbt-seb-现有数据复盘/let_scan/data/let1p5_cold300_raw.csv,124,diagnostic_only
cold300_nonsteady,4.27530017064e-08,42.7530017064,2500.0,0.000114664140825,310.090727676,300.000220981,10.090506694999988,true,0.2866603520625,4.12294646520672e-09,40357123.85969622,694006370.7157032,40_to_60ns,docs/changes/2026-07-13-igbt-seb-现有数据复盘/let_scan/data/let1p5_cold300_raw.csv,125,diagnostic_only
cold300_nonsteady,4.38642023889e-08,43.8642023889,2500.0,0.000119647182707,310.859598373,300.000220981,10.859377391999999,true,0.2991179567675,4.448405093489516e-09,31563598.217364866,666268067.3994651,40_to_60ns,docs/changes/2026-07-13-igbt-seb-现有数据复盘/let_scan/data/let1p5_cold300_raw.csv,126,diagnostic_only
cold300_nonsteady,4.54198833445e-08,45.4198833445,2500.0,0.000124734031358,311.867585751,300.000220981,11.867364769999995,true,0.311835078395,4.923629094273675e-09,12973267.431684766,559377429.570945,40_to_60ns,docs/changes/2026-07-13-igbt-seb-现有数据复盘/let_scan/data/let1p5_cold300_raw.csv,127,diagnostic_only
cold300_nonsteady,4.75978366823e-08,47.5978366823,2500.0,0.000125585236601,312.948109127,300.000220981,12.947888146000025,true,0.31396309150249996,5.605108700732372e-09,-7375557.245731163,397137457.36492074,40_to_60ns,docs/changes/2026-07-13-igbt-seb-现有数据复盘/let_scan/data/let1p5_cold300_raw.csv,128,diagnostic_only
cold300_nonsteady,5e-08,50.0,2500.0,0.000120590777397,313.686521634,300.000220981,13.68630065299999,true,0.3014769434925,6.344302438886867e-09,-16922642.59355688,307393176.7219646,40_to_60ns,docs/changes/2026-07-13-igbt-seb-现有数据复盘/let_scan/data/let1p5_cold300_raw.csv,129,diagnostic_only
cold300_nonsteady,5.001e-08,50.010000000000005,2500.0,0.000120562046176,313.689591672,300.000220981,13.689370691000022,true,0.30140511544,6.347316849181531e-09,-23513171.323910818,306900666.66730326,40_to_60ns,docs/changes/2026-07-13-igbt-seb-现有数据复盘/let_scan/data/let1p5_cold300_raw.csv,130,diagnostic_only
cold300_nonsteady,5.0024e-08,50.024,2500.0,0.000120522745276,313.69388725,300.000220981,13.693666269000005,true,0.30130686319,6.3515358330319395e-09,-23086995.369693648,306203124.9999917,40_to_60ns,docs/changes/2026-07-13-igbt-seb-现有数据复盘/let_scan/data/let1p5_cold300_raw.csv,131,diagnostic_only
cold300_nonsteady,5.00436e-08,50.0436,2500.0,0.000120468559683,313.699880097,300.000220981,13.69965911600002,true,0.3011713992075,6.357440120003436e-09,-22779810.450882185,303704357.9936861,40_to_60ns,docs/changes/2026-07-13-igbt-seb-现有数据复盘/let_scan/data/let1p5_cold300_raw.csv,132,diagnostic_only
cold300_nonsteady,5.007104e-08,50.071039999999996,2500.0,0.000120393666818,313.708173503,300.000220981,13.707952522000028,true,0.300984167045,6.3657016943724196e-09,-22522469.931390263,298537961.6130178,40_to_60ns,docs/changes/2026-07-13-igbt-seb-现有数据复盘/let_scan/data/let1p5_cold300_raw.csv,133,diagnostic_only
cold300_nonsteady,5.0109456e-08,50.109456,2500.0,0.000120290008373,313.719540613,300.000220981,13.719319632000008,true,0.3007250209325,6.3772593244550924e-09,-22311763.062948164,291441011.9915582,40_to_60ns,docs/changes/2026-07-13-igbt-seb-现有数据复盘/let_scan/data/let1p5_cold300_raw.csv,134,diagnostic_only
cold300_nonsteady,5.01632384e-08,50.1632384,2500.0,0.0001201462585,313.735043898,300.000220981,13.73482291700003,true,0.30036564625,6.39342337380443e-09,-22193277.533667706,283707402.4214842,40_to_60ns,docs/changes/2026-07-13-igbt-seb-现有数据复盘/let_scan/data/let1p5_cold300_raw.csv,135,diagnostic_only
cold300_nonsteady,5.023853376e-08,50.238533759999996,2500.0,0.000119945911667,313.756160929,300.000220981,13.755939947999991,true,0.2998647791675,6.416020656786811e-09,-22247624.231742706,275262667.80124557,40_to_60ns,docs/changes/2026-07-13-igbt-seb-现有数据复盘/let_scan/data/let1p5_cold300_raw.csv,136,diagnostic_only
cold300_nonsteady,5.0343947264e-08,50.34394726399999,2500.0,0.000119664199014,313.784786302,300.000220981,13.784565321000002,true,0.29916049753499996,6.447593333487701e-09,-22538972.115277372,264907698.63810167,40_to_60ns,docs/changes/2026-07-13-igbt-seb-现有数据复盘/let_scan/data/let1p5_cold300_raw.csv,137,diagnostic_only
cold300_nonsteady,5.04915261696e-08,50.4915261696,2500.0,0.000119263903742,313.823180566,300.000220981,13.822959585000035,true,0.298159759355,6.49166926838997e-09,-23081277.345173974,251554720.9807849,40_to_60ns,docs/changes/2026-07-13-igbt-seb-现有数据复盘/let_scan/data/let1p5_cold300_raw.csv,138,diagnostic_only
cold300_nonsteady,5.06981366374e-08,50.6981366374,2500.0,0.000118689914938,313.873884311,300.000220981,13.87366333,true,0.296724787345,6.55312395563031e-09,-23835457.625475157,234424545.41593495,40_to_60ns,docs/changes/2026-07-13-igbt-seb-现有数据复盘/let_scan/data/let1p5_cold300_raw.csv,139,diagnostic_only
cold300_nonsteady,5.09873912924e-08,50.987391292400005,2500.0,0.00011786260057,313.939423522,300.000220981,13.939202541000043,true,0.294656501425,6.638653850958621e-09,-24725109.968171082,212889001.15828958,40_to_60ns,docs/changes/2026-07-13-igbt-seb-现有数据复盘/let_scan/data/let1p5_cold300_raw.csv,140,diagnostic_only
cold300_nonsteady,5.13923478094e-08,51.3923478094,2500.0,0.000116670052617,314.021674234,300.000220981,14.021453253000004,true,0.29167513154249997,6.75737325890534e-09,-25678979.206465073,186547739.70317912,40_to_60ns,docs/changes/2026-07-13-igbt-seb-现有数据复盘/let_scan/data/let1p5_cold300_raw.csv,141,diagnostic_only
cold300_nonsteady,5.19592869331e-08,51.959286933099996,2500.0,0.000114957472558,314.120728457,300.000220981,14.120507476,true,0.287393681395,6.921521641589733e-09,-26666735.45009784,155296206.08585227,40_to_60ns,docs/changes/2026-07-13-igbt-seb-现有数据复盘/let_scan/data/let1p5_cold300_raw.csv,142,diagnostic_only
cold300_nonsteady,5.27530017064e-08,52.7530017064,2500.0,0.000112512653437,314.232978622,300.000220981,14.232757641000035,true,0.28128163359249997,7.147204640948039e-09,-27680021.412246812,119442521.35034196,40_to_60ns,docs/changes/2026-07-13-igbt-seb-现有数据复盘/let_scan/data/let1p5_cold300_raw.csv,143,diagnostic_only
cold300_nonsteady,5.38642023889e-08,53.8642023889,2500.0,0.000109053016678,314.348256362,300.000220981,14.348035380999988,true,0.272632541695,7.454959545760986e-09,-28700695.48260328,79967283.49440964,40_to_60ns,docs/changes/2026-07-13-igbt-seb-现有数据复盘/let_scan/data/let1p5_cold300_raw.csv,144,diagnostic_only
cold300_nonsteady,5.54198833445e-08,55.4198833445,2500.0,0.000104222113921,314.446241902,300.000220981,14.446020921000013,true,0.2605552848025,7.869694619480946e-09,-29730564.271451686,41630652.009696536,40_to_60ns,docs/changes/2026-07-13-igbt-seb-现有数据复盘/let_scan/data/let1p5_cold300_raw.csv,145,diagnostic_only
cold300_nonsteady,5.75978366823e-08,57.5978366823,2500.0,9.75954722239e-05,314.503689992,300.000220981,14.503469010999993,true,0.24398868055975,8.419131226194725e-09,-30790359.481743533,9531982.97855537,40_to_60ns,docs/changes/2026-07-13-igbt-seb-现有数据复盘/let_scan/data/let1p5_cold300_raw.csv,146,diagnostic_only
cold300_nonsteady,6e-08,59.99999999999999,2500.0,9.05136704723e-05,314.489899496,300.000220981,14.489678515000037,true,0.22628417618075,8.983967329080733e-09,-31359319.49278696,-5740865.285196338,after_60ns,docs/changes/2026-07-13-igbt-seb-现有数据复盘/let_scan/data/let1p5_cold300_raw.csv,147,diagnostic_only
thermal_steady,1e-13,0.0001,2500.0,1.31235387961e-07,324.633215689,324.633215689,0.0,false,0.00032808846990250003,0.0,697922719.4037207,0.0,pre_strike,docs/changes/2026-07-13-igbt-seb-现有数据复盘/let_scan/data/let1p5_thermal_raw.csv,2,diagnostic_only
thermal_steady,2.5e-13,0.00025,2500.0,1.31249127504e-07,324.633215689,324.633215689,0.0,false,0.00032812281876000004,4.92158466496875e-17,279307978.8384981,0.0,pre_strike,docs/changes/2026-07-13-igbt-seb-现有数据复盘/let_scan/data/let1p5_thermal_raw.csv,3,diagnostic_only
thermal_steady,4.75e-13,0.000475,2500.0,1.3124913434e-07,324.633215689,324.633215689,0.0,false,0.00032812283585,1.230434827933125e-16,45186.330529152954,0.0,pre_strike,docs/changes/2026-07-13-igbt-seb-现有数据复盘/let_scan/data/let1p5_thermal_raw.csv,4,diagnostic_only
thermal_steady,8.125e-13,0.0008125000000000001,2500.0,1.3124913084e-07,324.633215689,324.633215689,0.0,false,0.00032812282709999995,2.33784938416125e-16,-23794.160386858966,0.0,pre_strike,docs/changes/2026-07-13-igbt-seb-现有数据复盘/let_scan/data/let1p5_thermal_raw.csv,5,diagnostic_only
thermal_steady,1.31875e-12,0.00131875,2500.0,1.31249131705e-07,324.633215689,324.633215689,0.0,false,0.0003281228292625,3.998971201828828e-16,36806.45056226273,0.0,pre_strike,docs/changes/2026-07-13-igbt-seb-现有数据复盘/let_scan/data/let1p5_thermal_raw.csv,6,diagnostic_only
thermal_steady,2.078125e-12,0.002078125,2500.0,1.31249136954e-07,324.633215689,324.633215689,0.0,false,0.000328122842385,6.49065398636543e-16,2568.5449706801546,0.0,pre_strike,docs/changes/2026-07-13-igbt-seb-现有数据复盘/let_scan/data/let1p5_thermal_raw.csv,7,diagnostic_only
thermal_steady,3.2171875e-12,0.0032171875,2500.0,1.31249132345e-07,324.633215689,324.633215689,0.0,false,0.00032812283086250003,1.0228178172282833e-15,-9297.598406464238,0.0,pre_strike,docs/changes/2026-07-13-igbt-seb-现有数据复盘/let_scan/data/let1p5_thermal_raw.csv,8,diagnostic_only
thermal_steady,4.92578125e-12,0.0049257812500000005,2500.0,1.31249133479e-07,324.633215689,324.633215689,0.0,false,0.0003281228336975,1.5834464376941897e-15,3183.925949187398,0.0,pre_strike,docs/changes/2026-07-13-igbt-seb-现有数据复盘/let_scan/data/let1p5_thermal_raw.csv,9,diagnostic_only
thermal_steady,7.488671875e-12,0.007488671875,2500.0,1.3124913413e-07,324.633215689,324.633215689,0.0,false,0.000328122835325,2.4243893741114985e-15,-72.53778197587836,0.0,pre_strike,docs/changes/2026-07-13-igbt-seb-现有数据复盘/let_scan/data/let1p5_thermal_raw.csv,10,diagnostic_only
thermal_steady,1.13330078125e-11,0.0113330078125,2500.0,1.31249133418e-07,324.633215689,324.633215689,0.0,false,0.00032812283354500003,3.685803778444332e-15,-1055.9575882272457,0.0,pre_strike,docs/changes/2026-07-13-igbt-seb-现有数据复盘/let_scan/data/let1p5_thermal_raw.csv,11,diagnostic_only
thermal_steady,1.70995117188e-11,0.0170995117188,2500.0,1.31249132798e-07,324.633215689,324.633215689,0.0,false,0.000328122831995,5.5779253753587585e-15,-223.03005233658934,0.0,pre_strike,docs/changes/2026-07-13-igbt-seb-现有数据复盘/let_scan/data/let1p5_thermal_raw.csv,12,diagnostic_only
thermal_steady,2.57492675781e-11,0.0257492675781,2500.0,1.31249132996e-07,324.633215689,324.633215689,0.0,false,0.00032812283249000003,8.416107766118434e-15,-43.71333278471076,0.0,pre_strike,docs/changes/2026-07-13-igbt-seb-现有数据复盘/let_scan/data/let1p5_thermal_raw.csv,13,diagnostic_only
thermal_steady,3.57492675781e-11,0.0357492675781,2500.0,1.31249132691e-07,324.633215689,324.633215689,0.0,false,0.0003281228317275,1.1697336087205935e-14,758.8622175092041,0.0,pre_strike,docs/changes/2026-07-13-igbt-seb-现有数据复盘/let_scan/data/let1p5_thermal_raw.csv,14,diagnostic_only
thermal_steady,4.57492675781e-11,0.0457492675781,2500.0,1.31249134988e-07,324.633215689,324.633215689,0.0,false,0.00032812283747,1.4978564433193433e-14,276.5732531884169,0.0,pre_strike,docs/changes/2026-07-13-igbt-seb-现有数据复盘/let_scan/data/let1p5_thermal_raw.csv,15,diagnostic_only
thermal_steady,5.57492675781e-11,0.0557492675781,2500.0,1.31249133417e-07,324.633215689,324.633215689,0.0,false,0.0003281228335425,1.8259792788255933e-14,-699.0522827265976,0.0,pre_strike,docs/changes/2026-07-13-igbt-seb-现有数据复盘/let_scan/data/let1p5_thermal_raw.csv,16,diagnostic_only
thermal_steady,6.57492675781e-11,0.0657492675781,2500.0,1.31249133153e-07,324.633215689,324.633215689,0.0,false,0.00032812283288250003,2.1541021120380933e-14,283.43043467771156,0.0,pre_strike,docs/changes/2026-07-13-igbt-seb-现有数据复盘/let_scan/data/let1p5_thermal_raw.csv,17,diagnostic_only
thermal_steady,7.57492675781e-11,0.07574926757810001,2500.0,1.31249134161e-07,324.633215689,324.633215689,0.0,false,0.00032812283540249997,2.4822249461805934e-14,-480.00314833984714,0.0,pre_strike,docs/changes/2026-07-13-igbt-seb-现有数据复盘/let_scan/data/let1p5_thermal_raw.csv,18,diagnostic_only
thermal_steady,8.57492675781e-11,0.0857492675781,2500.0,1.31249131893e-07,324.633215689,324.633215689,0.0,false,0.0003281228297325,2.8103477787480932e-14,180056973856.22015,1000.000793283107,pre_strike,docs/changes/2026-07-13-igbt-seb-现有数据复盘/let_scan/data/let1p5_thermal_raw.csv,19,diagnostic_only
thermal_steady,9.57492675781e-11,0.0957492675781,2500.0,4.80896316526e-06,324.633215709,324.633215689,2.0000015865662135e-08,true,0.01202240791315,8.985613150189346e-14,472408953210.7259,2775.3427571489956,ion_pulse,docs/changes/2026-07-13-igbt-seb-现有数据复盘/let_scan/data/let1p5_thermal_raw.csv,20,diagnostic_only
thermal_steady,9.8e-11,0.098,2500.0,4.28068307927e-05,324.633215723,324.633215689,3.399998149689054e-08,true,0.10701707698175,2.238191455715066e-13,950316319601.9976,6120.624089845542,ion_pulse,docs/changes/2026-07-13-igbt-seb-现有数据复盘/let_scan/data/let1p5_thermal_raw.csv,21,diagnostic_only
thermal_steady,9.82e-11,0.0982,2500.0,4.93754095679e-05,324.633215724,324.633215689,3.5000027764908737e-08,true,0.12343852391975,2.4686470566165624e-13,691560979721.6616,7500.062793042042,ion_pulse,docs/changes/2026-07-13-igbt-seb-现有数据复盘/let_scan/data/let1p5_thermal_raw.csv,22,diagnostic_only
thermal_steady,9.84e-11,0.0984,2500.0,5.64481252762e-05,324.633215726,324.633215689,3.7000006614107406e-08,true,0.1411203131905,2.733205893726825e-13,646483023249.916,7499.92068449489,ion_pulse,docs/changes/2026-07-13-igbt-seb-现有数据复盘/let_scan/data/let1p5_thermal_raw.csv,23,diagnostic_only
thermal_steady,9.86e-11,0.09860000000000001,2500.0,6.39464316581e-05,324.633215727,324.633215689,3.799999603870674e-08,true,0.15986607914525,3.03419228606257e-13,600019638683.703,7500.062793042284,ion_pulse,docs/changes/2026-07-13-igbt-seb-现有数据复盘/let_scan/data/let1p5_thermal_raw.csv,24,diagnostic_only
thermal_steady,9.88e-11,0.0988,2500.0,7.17601950027e-05,324.633215729,324.633215689,4.000003173132427e-08,true,0.17940048750675,3.3734588527145645e-13,551820670337.7439,7500.062793042284,ion_pulse,docs/changes/2026-07-13-igbt-seb-现有数据复盘/let_scan/data/let1p5_thermal_raw.csv,25,diagnostic_only
thermal_steady,9.9e-11,0.09899999999999999,2500.0,7.97402116075e-05,324.63321573,324.633215689,4.1000021155923605e-08,true,0.19935052901875,3.7522098692400583e-13,501187832267.3056,7499.92068449489,ion_pulse,docs/changes/2026-07-13-igbt-seb-现有数据复盘/let_scan/data/let1p5_thermal_raw.csv,26,diagnostic_only
thermal_steady,9.92e-11,0.09920000000000001,2500.0,8.76897544939e-05,324.633215732,324.633215689,4.3000000005122274e-08,true,0.21922438623475,4.1707847844935785e-13,447045908852.6164,9999.894245993186,ion_pulse,docs/changes/2026-07-13-igbt-seb-现有数据复盘/let_scan/data/let1p5_thermal_raw.csv,27,diagnostic_only
thermal_steady,9.94e-11,0.0994,2500.0,9.53536259589e-05,324.633215734,324.633215689,4.4999978854320943e-08,true,0.23838406489724998,4.628393235625571e-13,387784479521.77966,12500.00991603904,ion_pulse,docs/changes/2026-07-13-igbt-seb-现有数据复盘/let_scan/data/let1p5_thermal_raw.csv,28,diagnostic_only
thermal_steady,9.96e-11,0.0996,2500.0,0.000102403291935,324.633215737,324.633215689,4.800000397153781e-08,true,0.2560082298375,5.122785530360313e-13,320968183352.12244,12500.00991603904,ion_pulse,docs/changes/2026-07-13-igbt-seb-现有数据复盘/let_scan/data/let1p5_thermal_raw.csv,29,diagnostic_only
thermal_steady,9.98e-11,0.0998,2500.0,0.000108416428565,324.633215739,324.633215689,4.999998282073648e-08,true,0.2710410714125,5.649834831610304e-13,242861336922.69788,12500.009916038636,ion_pulse,docs/changes/2026-07-13-igbt-seb-现有数据复盘/let_scan/data/let1p5_thermal_raw.csv,30,diagnostic_only
thermal_steady,1e-10,0.1,2500.0,0.000112850439145,324.633215742,324.633215689,5.300000793795334e-08,true,0.28212609786250004,6.203002000885331e-13,147723796737.08023,14999.983477536933,ion_pulse,docs/changes/2026-07-13-igbt-seb-现有数据复盘/let_scan/data/let1p5_thermal_raw.csv,31,diagnostic_only
thermal_steady,1.002e-10,0.1002,2500.0,0.000115015758711,324.633215745,324.633215689,5.5999976211751346e-08,true,0.2875393967775,6.772667495525322e-13,26913729805.54929,14999.983477537417,ion_pulse,docs/changes/2026-07-13-igbt-seb-现有数据复盘/let_scan/data/let1p5_thermal_raw.csv,32,diagnostic_only
thermal_steady,1.004e-10,0.1004,2500.0,0.000114071892613,324.633215748,324.633215689,5.900000132896821e-08,true,0.28517973153250004,7.345386623835313e-13,-131893739581.8786,15000.125586084569,ion_pulse,docs/changes/2026-07-13-igbt-seb-现有数据复盘/let_scan/data/let1p5_thermal_raw.csv,33,diagnostic_only
thermal_steady,1.006e-10,0.1006,2500.0,0.000109105101916,324.633215751,324.633215689,6.200002644618507e-08,true,0.27276275479,7.903329110157804e-13,-344135465490.9768,14999.983477536933,ion_pulse,docs/changes/2026-07-13-igbt-seb-现有数据复盘/let_scan/data/let1p5_thermal_raw.csv,34,diagnostic_only
thermal_steady,1.008e-10,0.1008,2500.0,9.94022451457e-05,324.633215754,324.633215689,6.499999471998308e-08,true,0.24850561286425,8.424597477812079e-13,-623583610750.4545,17499.957039035227,ion_pulse,docs/changes/2026-07-13-igbt-seb-现有数据复盘/let_scan/data/let1p5_thermal_raw.csv,35,diagnostic_only
thermal_steady,1.01e-10,0.101,2500.0,8.50192933321e-05,324.633215758,324.633215689,6.900000926179928e-08,true,0.21254823333025,8.885651324006572e-13,-970613855051.9875,17499.957039035795,ion_pulse,docs/changes/2026-07-13-igbt-seb-现有数据复盘/let_scan/data/let1p5_thermal_raw.csv,36,diagnostic_only
thermal_steady,1.012e-10,0.1012,2500.0,6.74191537872e-05,324.633215761,324.633215689,7.199997753559728e-08,true,0.168547884468,9.266747441804817e-13,-1357776331021.0234,17499.957039035795,ion_pulse,docs/changes/2026-07-13-igbt-seb-现有数据复盘/let_scan/data/let1p5_thermal_raw.csv,37,diagnostic_only
thermal_steady,1.014e-10,0.10139999999999999,2500.0,4.93909731976e-05,324.633215765,324.633215689,7.599999207741348e-08,true,0.123477432994,9.558772759266812e-13,-1728734000242.7944,20000.072709080676,ion_pulse,docs/changes/2026-07-13-igbt-seb-现有数据复盘/let_scan/data/let1p5_thermal_raw.csv,38,diagnostic_only
thermal_steady,1.016e-10,0.10160000000000001,2500.0,3.37653645033e-05,324.633215769,324.633215689,8.000000661922968e-08,true,0.08441341125825,9.766663603519071e-13,-2020933862377.4397,20000.072709080676,ion_pulse,docs/changes/2026-07-13-igbt-seb-现有数据复盘/let_scan/data/let1p5_thermal_raw.csv,39,diagnostic_only
thermal_steady,1.018e-10,0.1018,2500.0,2.20077383293e-05,324.633215773,324.633215689,8.400002116104588e-08,true,0.05501934582325,9.906096360600568e-13,-2193914342278.4385,19999.93060053417,ion_pulse,docs/changes/2026-07-13-igbt-seb-现有数据复盘/let_scan/data/let1p5_thermal_raw.csv,40,diagnostic_only
thermal_steady,1.02e-10,0.102,2500.0,1.40394303071e-05,324.633215777,324.633215689,8.799997885944322e-08,true,0.03509857576775,9.996214282191567e-13,-2236720783482.209,17499.957039035227,ion_pulse,docs/changes/2026-07-13-igbt-seb-现有数据复盘/let_scan/data/let1p5_thermal_raw.csv,41,diagnostic_only
thermal_steady,1.022e-10,0.10220000000000001,2500.0,8.99533239799e-06,324.63321578,324.633215689,9.100000397666008e-08,true,0.022488330994975,1.0053801188954295e-12,-2024862092132.9111,18750.038558815813,ion_pulse,docs/changes/2026-07-13-igbt-seb-现有数据复盘/let_scan/data/let1p5_thermal_raw.csv,42,diagnostic_only
thermal_steady,1.0248e-10,0.10248,2500.0,5.31182792033e-06,324.633215786,324.633215689,9.699999736767495e-08,true,0.013279569800825,1.0103876250068413e-12,-1583828466300.4844,19345.20268843648,ion_pulse,docs/changes/2026-07-13-igbt-seb-现有数据复盘/let_scan/data/let1p5_thermal_raw.csv,43,diagnostic_only
thermal_steady,1.02872e-10,0.10287199999999999,2500.0,3.10301149831e-06,324.633215793,324.633215689,1.0399998018328915e-07,true,0.0077575287457749996,1.014510896321975e-12,-1028155307751.6002,19132.63198665465,ion_pulse,docs/changes/2026-07-13-igbt-seb-现有数据复盘/let_scan/data/let1p5_thermal_raw.csv,44,diagnostic_only
thermal_steady,1.034208e-10,0.1034208,2500.0,2.01909118872e-06,324.633215804,324.633215689,1.1499997754071956e-07,true,0.0050477279718,1.0180246587652775e-12,-519572437894.77045,19740.04590065968,ion_pulse,docs/changes/2026-07-13-igbt-seb-现有数据复盘/let_scan/data/let1p5_thermal_raw.csv,45,diagnostic_only
thermal_steady,1.0418912e-10,0.10418912,2500.0,1.56523166471e-06,324.633215819,324.633215689,1.2999998943996616e-07,true,0.0039130791617749995,1.0214670424337117e-12,-205800991425.77875,19523.124690617162,ion_pulse,docs/changes/2026-07-13-igbt-seb-现有数据复盘/let_scan/data/let1p5_thermal_raw.csv,46,diagnostic_only
thermal_steady,1.05264768e-10,0.10526476800000001,2500.0,1.38148231092e-06,324.63321584,324.633215689,1.5099999473022763e-07,true,0.0034537057773,1.0254290761767849e-12,-74234111698.00792,19755.544676617683,ion_pulse,docs/changes/2026-07-13-igbt-seb-现有数据复盘/let_scan/data/let1p5_thermal_raw.csv,47,diagnostic_only
thermal_steady,1.067706752e-10,0.1067706752,2500.0,1.29226227571e-06,324.63321587,324.633215689,1.8100001852872083e-07,true,0.0032306556892749997,1.0304620902067438e-12,-38674082105.79922,19921.557657093508,ion_pulse,docs/changes/2026-07-13-igbt-seb-现有数据复盘/let_scan/data/let1p5_thermal_raw.csv,48,diagnostic_only
thermal_steady,1.0782481024e-10,0.10782481024,2500.0,1.25125841545e-06,324.633215891,324.633215689,2.020000238189823e-07,true,0.003128146038625,1.0338136080636398e-12,-25036355942.682682,19763.43199378602,ion_pulse,docs/changes/2026-07-13-igbt-seb-现有数据复盘/let_scan/data/let1p5_thermal_raw.csv,49,diagnostic_only
thermal_steady,1.09300599296e-10,0.109300599296,2500.0,1.21294866013e-06,324.63321592,324.633215689,2.310000013494573e-07,true,0.0030323716503250003,1.0383594203559632e-12,-17261797455.81295,19763.43841556894,ion_pulse,docs/changes/2026-07-13-igbt-seb-现有数据复盘/let_scan/data/let1p5_thermal_raw.csv,50,diagnostic_only
thermal_steady,1.11366703974e-10,0.111366703974,2500.0,1.17704884267e-06,324.633215961,324.633215689,2.720000225053809e-07,true,0.0029426221066749998,1.0445319016321425e-12,-11661477403.379416,19965.101731263243,ion_pulse,docs/changes/2026-07-13-igbt-seb-现有数据复盘/let_scan/data/let1p5_thermal_raw.csv,51,diagnostic_only
thermal_steady,1.14259250524e-10,0.114259250524,2500.0,1.14479903362e-06,324.633216019,324.633215689,3.2999997756633093e-07,true,0.00286199758405,1.052926967962377e-12,-7665747013.320804,20022.727025228254,ion_pulse,docs/changes/2026-07-13-igbt-seb-现有数据复盘/let_scan/data/let1p5_thermal_raw.csv,52,diagnostic_only
thermal_steady,1.18308815694e-10,0.11830881569400001,2500.0,1.11604797661e-06,324.6332161,324.633215689,4.110000304535788e-07,true,0.002790119941525,1.0643712770965345e-12,-4819921971.012071,20269.668018129916,ion_pulse,docs/changes/2026-07-13-igbt-seb-现有数据复盘/let_scan/data/let1p5_thermal_raw.csv,53,diagnostic_only
thermal_steady,1.23978206931e-10,0.123978206931,2500.0,1.09240806519e-06,324.633216216,324.633215689,5.269999974188977e-07,true,0.0027310201629749996,1.0800220287598853e-12,-2430185863.2585807,20578.34070537298,post_pulse_decay,docs/changes/2026-07-13-igbt-seb-现有数据复盘/let_scan/data/let1p5_thermal_raw.csv,54,diagnostic_only
thermal_steady,1.31915354664e-10,0.131915354664,2500.0,1.07974773395e-06,324.63321638,324.633215689,6.910000251991733e-07,true,0.002699369334875,1.1015729306059688e-12,-1053684025.4157581,20825.378825871616,post_pulse_decay,docs/changes/2026-07-13-igbt-seb-现有数据复盘/let_scan/data/let1p5_thermal_raw.csv,55,diagnostic_only
thermal_steady,1.37471358077e-10,0.137471358077,2500.0,1.07698662116e-06,324.633216497,324.633215689,8.079999815890915e-07,true,0.0026924665529,1.1165514599033758e-12,30757366.26979296,21148.293164231123,post_pulse_decay,docs/changes/2026-07-13-igbt-seb-现有数据复盘/let_scan/data/let1p5_thermal_raw.csv,56,diagnostic_only
thermal_steady,1.45249762855e-10,0.14524976285500002,2500.0,1.08019066309e-06,324.633216662,324.633215689,9.729999987939664e-07,true,0.0027004766577249997,1.13752570752188e-12,403291120.8622421,21480.412435122606,post_pulse_decay,docs/changes/2026-07-13-igbt-seb-现有数据复盘/let_scan/data/let1p5_thermal_raw.csv,57,diagnostic_only
thermal_steady,1.56139529544e-10,0.156139529544,2500.0,1.08512553805e-06,324.633216898,324.633215689,1.2090000041098392e-06,true,0.002712813845125,1.167000442819788e-12,170850381.22060326,22077.30113093704,post_pulse_decay,docs/changes/2026-07-13-igbt-seb-现有数据复盘/let_scan/data/let1p5_thermal_raw.csv,58,diagnostic_only
thermal_steady,1.71385202908e-10,0.171385202908,2500.0,1.08502476905e-06,324.633217239,324.633215689,1.5499999790336005e-06,true,0.0027125619226250003,1.2083571962358267e-12,-148602266.2683,22875.342945586937,post_pulse_decay,docs/changes/2026-07-13-igbt-seb-现有数据复盘/let_scan/data/let1p5_thermal_raw.csv,59,diagnostic_only
thermal_steady,1.92729145619e-10,0.19272914561899998,2500.0,1.07924139652e-06,324.633217735,324.633215689,2.0460000200728246e-06,true,0.0026981034913,1.2660996625474288e-12,-199927527.0923781,23933.411075753644,post_pulse_decay,docs/changes/2026-07-13-igbt-seb-现有数据复盘/let_scan/data/let1p5_thermal_raw.csv,60,diagnostic_only
thermal_steady,2.22610665414e-10,0.22261066541400001,2500.0,1.07396932616e-06,324.633218465,324.633215689,2.776000030735304e-06,true,0.0026849233154,1.3465261735881397e-12,-109363496.03276981,25419.83589823464,post_pulse_decay,docs/changes/2026-07-13-igbt-seb-现有数据复盘/let_scan/data/let1p5_thermal_raw.csv,61,diagnostic_only
thermal_steady,2.64444793126e-10,0.264444793126,2500.0,1.07080993397e-06,324.633219558,324.633215689,3.869000011036405e-06,true,0.002677024834925,1.4586823854410489e-12,-18990162.487968113,27529.35759078003,post_pulse_decay,docs/changes/2026-07-13-igbt-seb-现有数据复盘/let_scan/data/let1p5_thermal_raw.csv,62,diagnostic_only
thermal_steady,3.23012571924e-10,0.323012571924,2500.0,1.071923595e-06,324.633221229,324.633215689,5.540000017845159e-06,true,0.0026798089875,1.615551314625765e-12,65137884.30889648,30341.881241165225,early_electrical_growth,docs/changes/2026-07-13-igbt-seb-现有数据复盘/let_scan/data/let1p5_thermal_raw.csv,63,diagnostic_only
thermal_steady,4e-10,0.4,2500.0,1.08030681543e-06,324.633223671,324.633215689,7.981999999628897e-06,true,0.002700767038575,1.8226696695332144e-12,99198379.30551998,31763.210601780902,early_electrical_growth,docs/changes/2026-07-13-igbt-seb-现有数据复盘/let_scan/data/let1p5_thermal_raw.csv,64,diagnostic_only
thermal_steady,4.1e-10,0.41,2500.0,1.08121325911e-06,324.633223992,324.633215689,8.303000015530415e-06,true,0.002703033147775,1.849688670464964e-12,92702646.39712119,32458.333502442394,early_electrical_growth,docs/changes/2026-07-13-igbt-seb-现有数据复盘/let_scan/data/let1p5_thermal_raw.csv,65,diagnostic_only
thermal_steady,4.24e-10,0.424,2500.0,1.0827130264e-06,324.63322445,324.633215689,8.761000003687514e-06,true,0.002706782566,1.887557380461389e-12,110054270.32822235,33184.52306595124,early_electrical_growth,docs/changes/2026-07-13-igbt-seb-现有数据复盘/let_scan/data/let1p5_thermal_raw.csv,66,diagnostic_only
thermal_steady,4.436e-10,0.4436,2500.0,1.08521879621e-06,324.633225107,324.633215689,9.417999990546377e-06,true,0.002713046990525,1.9406717101153342e-12,127447788.7894878,34204.93155532674,early_electrical_growth,docs/changes/2026-07-13-igbt-seb-现有数据复盘/let_scan/data/let1p5_thermal_raw.csv,67,diagnostic_only
thermal_steady,4.7104e-10,0.47103999999999996,2500.0,1.08922354313e-06,324.633226059,324.633215689,1.0369999984050082e-05,true,0.002723058857825,2.0152550823546963e-12,142699828.25829655,35638.36279319547,early_electrical_growth,docs/changes/2026-07-13-igbt-seb-现有数据复盘/let_scan/data/let1p5_thermal_raw.csv,68,diagnostic_only
thermal_steady,5.09456e-10,0.509456,2500.0,1.09546536302e-06,324.633227454,324.633215689,1.1765000010655058e-05,true,0.0027386634075500004,2.1201638436280193e-12,156572106.41263884,37668.76640464553,early_electrical_growth,docs/changes/2026-07-13-igbt-seb-现有数据复盘/let_scan/data/let1p5_thermal_raw.csv,69,diagnostic_only
thermal_steady,5.632384e-10,0.5632384,2500.0,1.10506128431e-06,324.633229532,324.633215689,1.3842999976532155e-05,true,0.002762653210775,2.2681008490747206e-12,169793700.0267928,40797.11343372073,early_electrical_growth,docs/changes/2026-07-13-igbt-seb-现有数据复盘/let_scan/data/let1p5_thermal_raw.csv,70,diagnostic_only
thermal_steady,6.3853376e-10,0.63853376,2500.0,1.11973925762e-06,324.63323272,324.633215689,1.7031000027145637e-05,true,0.00279934814405,2.4774972962407383e-12,183521611.05204564,49549.31269446897,early_electrical_growth,docs/changes/2026-07-13-igbt-seb-现有数据复盘/let_scan/data/let1p5_thermal_raw.csv,71,diagnostic_only
thermal_steady,7.43947264e-10,0.743947264,2500.0,1.14232399134e-06,324.633238486,324.633215689,2.279699998553042e-05,true,0.00285580997835,2.775562312918861e-12,200135414.7138983,112979.67399485514,early_electrical_growth,docs/changes/2026-07-13-igbt-seb-现有数据复盘/let_scan/data/let1p5_thermal_raw.csv,72,diagnostic_only
thermal_steady,8.915261696e-10,0.8915261696,2500.0,1.17789458325e-06,324.633261303,324.633215689,4.56139999869265e-05,true,0.002944736458125,3.2035814604073413e-12,222893977.19746798,461894.15125537466,early_electrical_growth,docs/changes/2026-07-13-igbt-seb-现有数据复盘/let_scan/data/let1p5_thermal_raw.csv,73,diagnostic_only
thermal_steady,1.09813663744e-09,1.0981366374400001,2500.0,1.2361620444e-06,324.633402084,324.633215689,0.00018639500001427223,true,0.003090405111,3.827043171946116e-12,250910276.40444717,1345107.7103366375,early_electrical_growth,docs/changes/2026-07-13-igbt-seb-现有数据复盘/let_scan/data/let1p5_thermal_raw.csv,74,diagnostic_only
thermal_steady,1.38739129242e-09,1.38739129242,2500.0,1.33395237819e-06,324.633928295,324.633215689,0.0007126059999791323,true,0.003334880945475,4.756315122652856e-12,276816556.99337304,2191900.766661344,early_electrical_growth,docs/changes/2026-07-13-igbt-seb-现有数据复盘/let_scan/data/let1p5_thermal_raw.csv,75,diagnostic_only
thermal_steady,1.79234780938e-09,1.79234780938,2500.0,1.49807447593e-06,324.634923726,324.633215689,0.0017080370000144285,true,0.003745186189825,6.189874786129883e-12,286979141.33484775,2202510.13621225,early_electrical_growth,docs/changes/2026-07-13-igbt-seb-现有数据复盘/let_scan/data/let1p5_thermal_raw.csv,76,diagnostic_only
thermal_steady,2.35928693314e-09,2.35928693314,2500.0,1.76307602462e-06,324.636068905,324.633215689,0.002853216000005432,true,0.00440769006155,8.50096704516901e-12,261899398.16674992,1763359.5179834352,early_electrical_growth,docs/changes/2026-07-13-igbt-seb-现有数据复盘/let_scan/data/let1p5_thermal_raw.csv,77,diagnostic_only
thermal_steady,3.15300170639e-09,3.15300170639,2500.0,2.13942058459e-06,324.637323048,324.633215689,0.004107358999988264,true,0.005348551461475,1.2372803559279021e-11,215023747.74720442,1706357.6181676304,early_electrical_growth,docs/changes/2026-07-13-igbt-seb-现有数据复盘/let_scan/data/let1p5_thermal_raw.csv,78,diagnostic_only
thermal_steady,4.26420238895e-09,4.264202388949999,2500.0,2.65557734086e-06,324.639319372,324.633215689,0.006103682999992088,true,0.006638943352150001,1.90330597688213e-11,189433577.03548995,2378119.414570805,early_electrical_growth,docs/changes/2026-07-13-igbt-seb-现有数据复盘/let_scan/data/let1p5_thermal_raw.csv,79,diagnostic_only
thermal_steady,5.81988334452e-09,5.81988334452,2500.0,3.54568710802e-06,324.643665211,324.633215689,0.01044952199998761,true,0.00886421777005,3.109204602329119e-11,188083233.86233997,3984631.2817486273,early_electrical_growth,docs/changes/2026-07-13-igbt-seb-现有数据复盘/let_scan/data/let1p5_thermal_raw.csv,80,diagnostic_only
thermal_steady,7.99783668233e-09,7.99783668233,2500.0,5.35963618688e-06,324.654196528,324.633215689,0.02098083900000347,true,0.013399090467200002,5.533626926629694e-11,180987534.89118862,6043670.328405484,early_electrical_growth,docs/changes/2026-07-13-igbt-seb-现有数据复盘/let_scan/data/let1p5_thermal_raw.csv,81,diagnostic_only
thermal_steady,1e-08,10.0,2500.0,7.55553928803e-06,324.668928458,324.633215689,0.035712768999985656,true,0.018888848220075,8.765913248771697e-11,171361222.88503078,7358072.215098639,10_to_40ns,docs/changes/2026-07-13-igbt-seb-现有数据复盘/let_scan/data/let1p5_thermal_raw.csv,82,diagnostic_only
thermal_steady,1.001e-08,10.01,2500.0,7.56629006895e-06,324.669002171,324.633215689,0.03578648199999179,true,0.018915725172375,8.784815535467921e-11,142716490.9093613,7382250.001816047,10_to_40ns,docs/changes/2026-07-13-igbt-seb-现有数据复盘/let_scan/data/let1p5_thermal_raw.csv,83,diagnostic_only
thermal_steady,1.0024e-08,10.024,2500.0,7.58146286064e-06,324.669105632,324.633215689,0.035889943000029234,true,0.0189536571516,8.811324103094702e-11,143177701.41671637,7405416.666761867,10_to_40ns,docs/changes/2026-07-13-igbt-seb-现有数据复盘/let_scan/data/let1p5_thermal_raw.csv,84,diagnostic_only
thermal_steady,1.00436e-08,10.0436,2500.0,7.60277745188e-06,324.669250993,324.633215689,0.036035303999994994,true,0.0190069436297,8.848525491860378e-11,143273496.8430742,7437818.877200283,10_to_40ns,docs/changes/2026-07-13-igbt-seb-现有数据复盘/let_scan/data/let1p5_thermal_raw.csv,85,diagnostic_only
thermal_steady,1.007104e-08,10.07104,2500.0,7.63273134633e-06,324.669455507,324.633215689,0.03623981800001275,true,0.019081828365825,8.90078328703824e-11,143321667.5550146,7483327.259664186,10_to_40ns,docs/changes/2026-07-13-igbt-seb-现有数据复盘/let_scan/data/let1p5_thermal_raw.csv,86,diagnostic_only
thermal_steady,1.0109456e-08,10.109456,2500.0,7.67487668669e-06,324.669743815,324.633215689,0.03652812600000743,true,0.019187191716724998,8.974290420812799e-11,143343103.97158042,7547321.862299593,10_to_40ns,docs/changes/2026-07-13-igbt-seb-现有数据复盘/let_scan/data/let1p5_thermal_raw.csv,87,diagnostic_only
thermal_steady,1.01632384e-08,10.1632384,2500.0,7.734275084e-06,324.670151358,324.633215689,0.03693566900000178,true,0.01933568771,9.077883066336794e-11,143315088.55460975,7637403.995802015,10_to_40ns,docs/changes/2026-07-13-igbt-seb-现有数据复盘/let_scan/data/let1p5_thermal_raw.csv,88,diagnostic_only
thermal_steady,1.023853376e-08,10.23853376,2500.0,7.81817395007e-06,324.670729634,324.633215689,0.037513945000000604,true,0.019545434875175,9.224261472449537e-11,143194788.08715263,7764533.343646118,10_to_40ns,docs/changes/2026-07-13-igbt-seb-现有数据复盘/let_scan/data/let1p5_thermal_raw.csv,89,diagnostic_only
thermal_steady,1.0343947264e-08,10.343947263999999,2500.0,7.93702347824e-06,324.671554478,324.633215689,0.03833878900002219,true,0.019842558695599997,9.431862793340781e-11,142915758.1094959,7944518.980489343,10_to_40ns,docs/changes/2026-07-13-igbt-seb-现有数据复盘/let_scan/data/let1p5_thermal_raw.csv,90,diagnostic_only
thermal_steady,1.04915261696e-08,10.491526169599998,2500.0,8.10602505468e-06,324.672739537,324.633215689,0.03952384799998754,true,0.020265062636700002,9.727814736462784e-11,142371689.85932696,8200390.011986531,10_to_40ns,docs/changes/2026-07-13-igbt-seb-现有数据复盘/let_scan/data/let1p5_thermal_raw.csv,91,diagnostic_only
thermal_steady,1.06981366374e-08,10.6981366374,2500.0,8.34752316405e-06,324.674458969,324.633215689,0.041243280000003324,true,0.020868807910125,1.0152749148267994e-10,141461602.25375208,8566083.406011008,10_to_40ns,docs/changes/2026-07-13-igbt-seb-现有数据复盘/let_scan/data/let1p5_thermal_raw.csv,92,diagnostic_only
thermal_steady,1.09873912924e-08,10.9873912924,2500.0,8.69504648402e-06,324.676987159,324.633215689,0.04377147000002424,true,0.02173761621005,1.0768954473751239e-10,140202896.20916373,9093404.506638514,10_to_40ns,docs/changes/2026-07-13-igbt-seb-现有数据复盘/let_scan/data/let1p5_thermal_raw.csv,93,diagnostic_only
thermal_steady,1.13923478094e-08,11.3923478094,2500.0,9.20084460466e-06,324.680771712,324.633215689,0.047556023000026926,true,0.02300211151165,1.1674836689236636e-10,138348555.191497,9865612.724716915,10_to_40ns,docs/changes/2026-07-13-igbt-seb-现有数据复盘/let_scan/data/let1p5_thermal_raw.csv,94,diagnostic_only
thermal_steady,1.19592869331e-08,11.9592869331,2500.0,9.94643157874e-06,324.686575505,324.633215689,0.05335981600001105,true,0.024866078946849998,1.303175418681897e-10,134776401.31769457,11012904.922415616,10_to_40ns,docs/changes/2026-07-13-igbt-seb-现有数据复盘/let_scan/data/let1p5_thermal_raw.csv,95,diagnostic_only
thermal_steady,1.27530017064e-08,12.7530017064,2500.0,1.10527506034e-05,324.695756464,324.633215689,0.06254077500000221,true,0.027631876508500002,1.5115174327466803e-10,128519379.73797098,12716070.902899127,10_to_40ns,docs/changes/2026-07-13-igbt-seb-现有数据复盘/let_scan/data/let1p5_thermal_raw.csv,96,diagnostic_only
thermal_steady,1.38642023889e-08,13.864202388899999,2500.0,1.27054673951e-05,324.710798545,324.633215689,0.07758285599999226,true,0.031763668487749995,1.8415192834331426e-10,118901627.421874,15166239.63440313,10_to_40ns,docs/changes/2026-07-13-igbt-seb-现有数据复盘/let_scan/data/let1p5_thermal_raw.csv,97,diagnostic_only
thermal_steady,1.54198833445e-08,15.4198833445,2500.0,1.51769205229e-05,324.73620303,324.633215689,0.10298734100001639,true,0.03794230130725,2.383720531941694e-10,107353147.7921658,18655580.73620397,10_to_40ns,docs/changes/2026-07-13-igbt-seb-现有数据复盘/let_scan/data/let1p5_thermal_raw.csv,98,diagnostic_only
thermal_steady,1.75978366823e-08,17.597836682300002,2500.0,1.89698295464e-05,324.780451661,324.633215689,0.14723597199997585,true,0.047424573866,3.313345885547374e-10,97523136.38515186,21462039.780504018,10_to_40ns,docs/changes/2026-07-13-igbt-seb-现有数据复盘/let_scan/data/let1p5_thermal_raw.csv,99,diagnostic_only
thermal_steady,1.91224040188e-08,19.1224040188,2500.0,2.17770642205e-05,324.815666676,324.633215689,0.18245098699998152,true,0.05444266055125,4.0898631768080125e-10,87805052.72155452,23904136.224315885,10_to_40ns,docs/changes/2026-07-13-igbt-seb-现有数据复盘/let_scan/data/let1p5_thermal_raw.csv,100,diagnostic_only
thermal_steady,2.01896011543e-08,20.1896011543,2500.0,2.38174811838e-05,324.842405552,324.633215689,0.20918986300000597,true,0.0595437029595,4.698092779931684e-10,82067390.74384557,26925602.86477419,10_to_40ns,docs/changes/2026-07-13-igbt-seb-现有数据复盘/let_scan/data/let1p5_thermal_raw.csv,101,diagnostic_only
thermal_steady,2.16836771441e-08,21.683677144100002,2500.0,2.68711795039e-05,324.884630499,324.633215689,0.2514148100000284,true,0.06717794875975,5.644751666039331e-10,78578086.0063752,30504081.828946415,10_to_40ns,docs/changes/2026-07-13-igbt-seb-现有数据复盘/let_scan/data/let1p5_thermal_raw.csv,102,diagnostic_only
thermal_steady,2.37753835297e-08,23.7753835297,2500.0,3.15692558378e-05,324.951786551,324.633215689,0.3185708620000014,true,0.07892313959450001,7.172754563307802e-10,74172269.14571874,32981492.388508663,10_to_40ns,docs/changes/2026-07-13-igbt-seb-现有数据复盘/let_scan/data/let1p5_thermal_raw.csv,103,diagnostic_only
thermal_steady,2.52395779996e-08,25.239577999599998,2500.0,3.49809474135e-05,325.001909416,324.633215689,0.36869372699999303,true,0.08745236853375,8.390785057948732e-10,68563527.02234095,35479755.125342056,10_to_40ns,docs/changes/2026-07-13-igbt-seb-现有数据复盘/let_scan/data/let1p5_thermal_raw.csv,104,diagnostic_only
thermal_steady,2.72894502576e-08,27.2894502576,2500.0,4.0170003662e-05,325.076464778,324.633215689,0.44324908900000537,true,0.10042500915500001,1.0316408180098515e-09,65354334.67178486,36652031.39458409,10_to_40ns,docs/changes/2026-07-13-igbt-seb-现有数据复盘/let_scan/data/let1p5_thermal_raw.csv,105,diagnostic_only
thermal_steady,2.87243608381e-08,28.7243608381,2500.0,4.39278808484e-05,325.129633786,324.633215689,0.49641809700000294,true,0.10981970212099999,1.1824819983619018e-09,62162670.82236448,37281741.05882789,10_to_40ns,docs/changes/2026-07-13-igbt-seb-现有数据复盘/let_scan/data/let1p5_thermal_raw.csv,106,diagnostic_only
thermal_steady,2.97287982445e-08,29.728798244500002,2500.0,4.67473198867e-05,325.167407918,324.633215689,0.5341922289999843,true,0.11686829971675,1.2963289526758558e-09,62482850.973974444,38121600.218177155,10_to_40ns,docs/changes/2026-07-13-igbt-seb-现有数据复盘/let_scan/data/let1p5_thermal_raw.csv,107,diagnostic_only
thermal_steady,3.11350106134e-08,31.135010613400002,2500.0,5.10687869765e-05,325.221531613,324.633215689,0.5883159240000282,true,0.12767196744125,1.468266726861701e-09,63323723.23014222,39386259.60127137,10_to_40ns,docs/changes/2026-07-13-igbt-seb-现有数据复盘/let_scan/data/let1p5_thermal_raw.csv,108,diagnostic_only
thermal_steady,3.31037079299e-08,33.1037079299,2500.0,5.78856071388e-05,325.300332987,324.633215689,0.6671172979999938,true,0.144714017847,1.7363895060062938e-09,64555508.64476948,40771719.6174649,10_to_40ns,docs/changes/2026-07-13-igbt-seb-现有数据复盘/let_scan/data/let1p5_thermal_raw.csv,109,diagnostic_only
thermal_steady,3.5859884173e-08,35.859884173000005,2500.0,6.9282344466e-05,325.414172833,324.633215689,0.7809571440000127,true,0.173205861165,2.1745111148773447e-09,63409041.43515164,41123489.64203624,10_to_40ns,docs/changes/2026-07-13-igbt-seb-现有数据复盘/let_scan/data/let1p5_thermal_raw.csv,110,diagnostic_only
thermal_steady,3.68245458581e-08,36.8245458581,2500.0,7.3288487657e-05,325.453346827,324.633215689,0.820131138000022,true,0.18322121914249997,2.346426888829697e-09,58193794.73271838,40391410.256527945,10_to_40ns,docs/changes/2026-07-13-igbt-seb-现有数据复盘/let_scan/data/let1p5_thermal_raw.csv,111,diagnostic_only
thermal_steady,3.74998090377e-08,37.499809037700004,2500.0,7.62199740573e-05,325.480411711,324.633215689,0.8471960219999914,true,0.19054993514325,2.472623837872576e-09,58547928.416848935,40660538.606990404,10_to_40ns,docs/changes/2026-07-13-igbt-seb-现有数据复盘/let_scan/data/let1p5_thermal_raw.csv,112,diagnostic_only
thermal_steady,3.84451774891e-08,38.445177489100004,2500.0,8.05830366042e-05,325.519242582,324.633215689,0.8860268930000075,true,0.2014575915105,2.6579196120774765e-09,58883496.986113176,40848247.60883036,10_to_40ns,docs/changes/2026-07-13-igbt-seb-现有数据复盘/let_scan/data/let1p5_thermal_raw.csv,113,diagnostic_only
thermal_steady,3.9768693321e-08,39.768693321,2500.0,8.71145044096e-05,325.573091658,324.633215689,0.9398759690000134,true,0.217786261024,2.9353575502055553e-09,57389524.370932944,40613839.55874163,10_to_40ns,docs/changes/2026-07-13-igbt-seb-现有数据复盘/let_scan/data/let1p5_thermal_raw.csv,114,diagnostic_only
thermal_steady,4e-08,40.0,2500.0,8.81040663347e-05,325.582389894,324.633215689,0.9491742050000198,true,0.22026016583675,2.986019082328044e-09,48280996.75859467,40197706.25573737,40_to_60ns,docs/changes/2026-07-13-igbt-seb-现有数据复盘/let_scan/data/let1p5_thermal_raw.csv,115,diagnostic_only
thermal_steady,4.001e-08,40.01,2500.0,8.81353695554e-05,325.582791633,324.633215689,0.9495759440000029,true,0.2203384238885,2.9882220752766697e-09,38641015.9574808,40151791.66572,40_to_60ns,docs/changes/2026-07-13-igbt-seb-现有数据复盘/let_scan/data/let1p5_thermal_raw.csv,116,diagnostic_only
thermal_steady,4.0024e-08,40.024,2500.0,8.81858105682e-05,325.583353537,324.633215689,0.9501378479999971,true,0.2204645264205,2.991307695928833e-09,42832142.27581399,40103958.33409319,40_to_60ns,docs/changes/2026-07-13-igbt-seb-现有数据复盘/let_scan/data/let1p5_thermal_raw.csv,117,diagnostic_only
thermal_steady,4.00436e-08,40.043600000000005,2500.0,8.82623017681e-05,325.584139126,324.633215689,0.9509234370000286,true,0.22065575442025,2.995630674681073e-09,45451026.61121281,40036096.9386831,40_to_60ns,docs/changes/2026-07-13-igbt-seb-现有数据复盘/let_scan/data/let1p5_thermal_raw.csv,118,diagnostic_only
thermal_steady,4.007104e-08,40.07104,2500.0,8.83745549653e-05,325.585236835,324.633215689,0.9520211459999928,true,0.22093638741325,3.001689318867028e-09,47114187.76775969,39943027.21036574,40_to_60ns,docs/changes/2026-07-13-igbt-seb-现有数据复盘/let_scan/data/let1p5_thermal_raw.csv,119,diagnostic_only
thermal_steady,4.0109456e-08,40.109456,2500.0,8.85365830904e-05,325.586769614,324.633215689,0.9535539249999943,true,0.221341457726,3.0101845917164622e-09,48380942.06316836,39819682.33727744,40_to_60ns,docs/changes/2026-07-13-igbt-seb-现有数据复盘/let_scan/data/let1p5_thermal_raw.csv,120,diagnostic_only
thermal_steady,4.01632384e-08,40.1632384,2500.0,8.87696430405e-05,325.588908146,324.633215689,0.9556924569999978,true,0.22192410760125,3.02210453468679e-09,49865283.87648993,39663943.657024145,40_to_60ns,docs/changes/2026-07-13-igbt-seb-现有数据复盘/let_scan/data/let1p5_thermal_raw.csv,121,diagnostic_only
thermal_steady,4.023853376e-08,40.23853376,2500.0,8.91082866427e-05,325.591889347,324.633215689,0.9586736580000093,true,0.22277071660675,3.03884626312623e-09,52088686.774781115,39484692.903783485,40_to_60ns,docs/changes/2026-07-13-igbt-seb-现有数据复盘/let_scan/data/let1p5_thermal_raw.csv,122,diagnostic_only
thermal_steady,4.0343947264e-08,40.343947264,2500.0,8.96091666683e-05,325.59604338,324.633215689,0.9628276910000295,true,0.22402291667075,3.0623953043505658e-09,54715911.27103999,39304779.995941,40_to_60ns,docs/changes/2026-07-13-igbt-seb-现有数据复盘/let_scan/data/let1p5_thermal_raw.csv,123,diagnostic_only
thermal_steady,4.04915261696e-08,40.4915261696,2500.0,9.03503638579e-05,325.601833158,324.633215689,0.9686174689999802,true,0.22587590964475,3.0955930925597493e-09,55946628.08704251,39119403.461981475,40_to_60ns,docs/changes/2026-07-13-igbt-seb-现有数据复盘/let_scan/data/let1p5_thermal_raw.csv,124,diagnostic_only
thermal_steady,4.06981366374e-08,40.6981366374,2500.0,9.1402544977e-05,325.609899057,324.633215689,0.9766833680000104,true,0.2285063624425,3.142533159457735e-09,54764739.63599281,38840037.571656115,40_to_60ns,docs/changes/2026-07-13-igbt-seb-现有数据复盘/let_scan/data/let1p5_thermal_raw.csv,125,diagnostic_only
thermal_steady,4.09873912924e-08,40.9873912924,2500.0,9.2837529298e-05,325.621092578,324.633215689,0.987876889000006,true,0.232093823245,3.2091485333597224e-09,52712674.9220801,38347723.3927179,40_to_60ns,docs/changes/2026-07-13-igbt-seb-现有数据复盘/let_scan/data/let1p5_thermal_raw.csv,126,diagnostic_only
thermal_steady,4.13923478094e-08,41.3923478094,2500.0,9.48092568221e-05,325.636520475,324.633215689,1.003304786000001,true,0.23702314205525,3.3041345195265224e-09,51187204.21691607,37582057.65145845,40_to_60ns,docs/changes/2026-07-13-igbt-seb-现有数据复盘/let_scan/data/let1p5_thermal_raw.csv,127,diagnostic_only
thermal_steady,4.19592869331e-08,41.9592869331,2500.0,9.75728803184e-05,325.657618416,324.633215689,1.0244027269999947,true,0.243932200796,3.440470719833983e-09,49651171.18623287,36510031.76454407,40_to_60ns,docs/changes/2026-07-13-igbt-seb-现有数据复盘/let_scan/data/let1p5_thermal_raw.csv,128,diagnostic_only
thermal_steady,4.27530017064e-08,42.7530017064,2500.0,0.00010143570098,325.686197992,324.633215689,1.0529823030000216,true,0.25358925245,3.6379157835714995e-09,46880811.35505258,35643330.93801436,40_to_60ns,docs/changes/2026-07-13-igbt-seb-现有数据复盘/let_scan/data/let1p5_thermal_raw.csv,129,diagnostic_only
thermal_steady,4.38642023889e-08,43.8642023889,2500.0,0.000106687454209,325.725515948,324.633215689,1.0923002590000124,true,0.2667186355225,3.9269990236840875e-09,40993277.91508389,34380422.69670361,40_to_60ns,docs/changes/2026-07-13-igbt-seb-现有数据复盘/let_scan/data/let1p5_thermal_raw.csv,130,diagnostic_only
thermal_steady,4.54198833445e-08,45.4198833445,2500.0,0.00011315395556,325.77788651,324.633215689,1.144670820999977,true,0.2828848889,4.354502891721449e-09,26196552.595149077,33909669.52060606,40_to_60ns,docs/changes/2026-07-13-igbt-seb-现有数据复盘/let_scan/data/let1p5_thermal_raw.csv,131,diagnostic_only
thermal_steady,4.75978366823e-08,47.5978366823,2500.0,0.00011764974156,325.852122253,324.633215689,1.218906564000008,true,0.29412435389999997,4.982852494870306e-09,3409608.678193769,37620596.36475375,40_to_60ns,docs/changes/2026-07-13-igbt-seb-现有数据复盘/let_scan/data/let1p5_thermal_raw.csv,132,diagnostic_only
thermal_steady,5e-08,50.0,2500.0,0.000114934883265,325.95019323,324.633215689,1.3169775410000284,true,0.28733720816249997,5.681235312389844e-09,-9766545.507808084,40826202.884920456,40_to_60ns,docs/changes/2026-07-13-igbt-seb-现有数据复盘/let_scan/data/let1p5_thermal_raw.csv,133,diagnostic_only
thermal_steady,5.001e-08,50.010000000000005,2500.0,0.000114910482899,325.950601722,324.633215689,1.3173860329999911,true,0.28727620724749997,5.684108379466895e-09,-21026897.99920944,40866666.66580514,40_to_60ns,docs/changes/2026-07-13-igbt-seb-现有数据复盘/let_scan/data/let1p5_thermal_raw.csv,134,diagnostic_only
thermal_steady,5.0024e-08,50.024,2500.0,0.00011487689652,325.95117403,324.633215689,1.3179583410000077,true,0.2871922413,5.688129658606727e-09,-20781485.66765487,40902261.905074015,40_to_60ns,docs/changes/2026-07-13-igbt-seb-现有数据复盘/let_scan/data/let1p5_thermal_raw.csv,135,diagnostic_only
thermal_steady,5.00436e-08,50.0436,2500.0,0.000114830273751,325.951976038,324.633215689,1.3187603490000015,true,0.28707568437750003,5.693757484278366e-09,-20650083.076720905,40950531.462854475,40_to_60ns,docs/changes/2026-07-13-igbt-seb-现有数据复盘/let_scan/data/let1p5_thermal_raw.csv,136,diagnostic_only
thermal_steady,5.007104e-08,50.071039999999996,2500.0,0.000114765361591,325.953100343,324.633215689,1.3198846540000204,true,0.2869134039775,5.701632614570596e-09,-20556847.24951963,41019451.530518904,40_to_60ns,docs/changes/2026-07-13-igbt-seb-现有数据复盘/let_scan/data/let1p5_thermal_raw.csv,137,diagnostic_only
thermal_steady,5.0109456e-08,50.109456,2500.0,0.000114674922656,325.954677415,324.633215689,1.3214617259999955,true,0.28668730664000003,5.712650337020138e-09,-20472483.710099842,41124216.905786045,40_to_60ns,docs/changes/2026-07-13-igbt-seb-现有数据复盘/let_scan/data/let1p5_thermal_raw.csv,138,diagnostic_only
thermal_steady,5.01632384e-08,50.1632384,2500.0,0.000114548942813,325.95689193,324.633215689,1.323676240999987,true,0.28637235703249997,5.728060599047887e-09,-20438628.71983137,41293310.3271939,40_to_60ns,docs/changes/2026-07-13-igbt-seb-现有数据复盘/let_scan/data/let1p5_thermal_raw.csv,139,diagnostic_only
thermal_steady,5.023853376e-08,50.238533759999996,2500.0,0.000114372789154,325.960007463,324.633215689,1.3267917740000144,true,0.285931972885,5.7496065293232356e-09,-20580321.724596065,41579094.869422555,40_to_60ns,docs/changes/2026-07-13-igbt-seb-现有数据复盘/let_scan/data/let1p5_thermal_raw.csv,140,diagnostic_only
thermal_steady,5.0343947264e-08,50.34394726399999,2500.0,0.000114123721161,325.964405641,324.633215689,1.3311899519999884,true,0.2853093029025,5.7797148015783305e-09,-21027462.87521477,42077100.324064314,40_to_60ns,docs/changes/2026-07-13-igbt-seb-现有数据复盘/let_scan/data/let1p5_thermal_raw.csv,141,diagnostic_only
thermal_steady,5.04915261696e-08,50.4915261696,2500.0,0.000113765965623,325.97065265,324.633215689,1.3374369609999803,true,0.28441491405749997,5.821754439794718e-09,-21833488.04751619,42953547.29012254,40_to_60ns,docs/changes/2026-07-13-igbt-seb-现有数据复盘/let_scan/data/let1p5_thermal_raw.csv,142,diagnostic_only
thermal_steady,5.06981366374e-08,50.6981366374,2500.0,0.000113244584451,325.979619331,324.633215689,1.3464036419999843,true,0.28311146112749996,5.8803828847276246e-09,-22944046.460934583,44446150.750738904,40_to_60ns,docs/changes/2026-07-13-igbt-seb-现有数据复盘/let_scan/data/let1p5_thermal_raw.csv,143,diagnostic_only
thermal_steady,5.09873912924e-08,50.987391292400005,2500.0,0.000112478967959,325.992691946,324.633215689,1.359476256999983,true,0.28119741989749997,5.961997370074787e-09,-24225795.766531914,46742771.23271888,40_to_60ns,docs/changes/2026-07-13-igbt-seb-现有数据复盘/let_scan/data/let1p5_thermal_raw.csv,144,diagnostic_only
thermal_steady,5.13923478094e-08,51.3923478094,2500.0,0.000111355983222,326.012068685,324.633215689,1.3788529959999778,true,0.278389958055,6.0753016478411885e-09,-25569860.317806866,49696198.82770944,40_to_60ns,docs/changes/2026-07-13-igbt-seb-现有数据复盘/let_scan/data/let1p5_thermal_raw.csv,145,diagnostic_only
thermal_steady,5.19592869331e-08,51.959286933099996,2500.0,0.00010971817327,326.040991465,324.633215689,1.407775775999994,true,0.274295433175,6.2319711335340525e-09,-26962599.744248677,53053771.54260987,40_to_60ns,docs/changes/2026-07-13-igbt-seb-现有数据复盘/let_scan/data/let1p5_thermal_raw.csv,146,diagnostic_only
thermal_steady,5.27530017064e-08,52.7530017064,2500.0,0.000107344722266,326.084256506,324.633215689,1.4510408169999778,true,0.268361805665,6.4473286671868e-09,-28419385.17044381,55489071.01266562,40_to_60ns,docs/changes/2026-07-13-igbt-seb-现有数据复盘/let_scan/data/let1p5_thermal_raw.csv,147,diagnostic_only
thermal_steady,5.38642023889e-08,53.8642023889,2500.0,0.000103936329037,326.146693454,324.633215689,1.5134777650000046,true,0.2598408225925,6.740798227695814e-09,-29899150.54490901,55412394.34431204,40_to_60ns,docs/changes/2026-07-13-igbt-seb-现有数据复盘/let_scan/data/let1p5_thermal_raw.csv,148,diagnostic_only
thermal_steady,5.54198833445e-08,55.4198833445,2500.0,9.9117683237e-05,326.232034803,324.633215689,1.59881911399998,true,0.2477942080925,7.135657302511852e-09,-31350080.29142064,52761926.187640466,40_to_60ns,docs/changes/2026-07-13-igbt-seb-现有数据复盘/let_scan/data/let1p5_thermal_raw.csv,149,diagnostic_only
thermal_steady,5.75978366823e-08,57.5978366823,2500.0,9.24556209598e-05,326.343687191,324.633215689,1.7104715020000185,true,0.2311390523995,7.657204449147845e-09,-32736239.85646444,48994392.03814758,40_to_60ns,docs/changes/2026-07-13-igbt-seb-现有数据复盘/let_scan/data/let1p5_thermal_raw.csv,150,diagnostic_only
thermal_steady,6e-08,59.99999999999999,2500.0,8.53168579547e-05,326.456434834,324.633215689,1.823219144999996,true,0.21329214488675,8.191002608829105e-09,-33451801.15902652,46935877.41067087,after_60ns,docs/changes/2026-07-13-igbt-seb-现有数据复盘/let_scan/data/let1p5_thermal_raw.csv,151,diagnostic_only
